county,race,candidate,votes
Carson City,UNITED STATES SENATOR,"HELLER, DEAN (INCUMBENT)",12328
Carson City,UNITED STATES SENATOR,"ROSEN, JACKY",9321
Carson City,UNITED STATES SENATOR,NONE OF THESE CANDIDATES,372
Carson City,UNITED STATES SENATOR,"HAGAN, TIM",254
Carson City,UNITED STATES SENATOR,"MICHAELS, BARRY",250
Carson City,UNITED STATES SENATOR,"BAKARI, KAMAU A.",169
Carson City,"U.S. REPRESENTATIVE IN CONGRESS, DIST. 2","AMODEI, MARK E. (INCUMBENT)",13624
Carson City,"U.S. REPRESENTATIVE IN CONGRESS, DIST. 2","KOBLE, CLINT",8983
Carson City,GOVERNOR,"LAXALT, ADAM PAUL",12080
Carson City,GOVERNOR,"SISOLAK, STEVE",9249
Carson City,GOVERNOR,NONE OF THESE CANDIDATES,469
Carson City,GOVERNOR,"BUNDY, RYAN",367
Carson City,GOVERNOR,"BEST, RUSSELL",324
Carson City,GOVERNOR,"LORD, JARED",192
Carson City,LIEUTENANT GOVERNOR,"ROBERSON, MICHAEL",11242
Carson City,LIEUTENANT GOVERNOR,"MARSHALL, KATE",9927
Carson City,LIEUTENANT GOVERNOR,"HANSEN, JANINE",728
Carson City,LIEUTENANT GOVERNOR,NONE OF THESE CANDIDATES,516
Carson City,LIEUTENANT GOVERNOR,"UEHLING, ED",234
Carson City,SECRETARY OF STATE,"CEGAVSKE, BARBARA K. (INCUMBENT)",13124
Carson City,SECRETARY OF STATE,"ARAUJO, NELSON",8886
Carson City,SECRETARY OF STATE,NONE OF THESE CANDIDATES,636
Carson City,STATE TREASURER,"BEERS, BOB",12345
Carson City,STATE TREASURER,"CONINE, ZACH",8802
Carson City,STATE TREASURER,NONE OF THESE CANDIDATES,774
Carson City,STATE TREASURER,"HOGE, BILL",692
Carson City,STATE CONTROLLER,"KNECHT, RON (INCUMBENT)",12574
Carson City,STATE CONTROLLER,"BYRNE, CATHERINE",9332
Carson City,STATE CONTROLLER,NONE OF THESE CANDIDATES,714
Carson City,ATTORNEY GENERAL,"DUNCAN, WES",12553
Carson City,ATTORNEY GENERAL,"FORD, AARON",8371
Carson City,ATTORNEY GENERAL,"HANSEN, JOEL F.",1027
Carson City,ATTORNEY GENERAL,NONE OF THESE CANDIDATES,696
Carson City,"STATE SENATE, DISTRICT 16","KIECKHEFER, BEN (INCUMBENT)",12504
Carson City,"STATE SENATE, DISTRICT 16","DAVIS-HERSEY, TINA",9029
Carson City,"STATE SENATE, DISTRICT 16","WAGNER, JOHN",978
Carson City,"STATE ASSEMBLY, DISTRICT 40","KRAMER, AL (INCUMBENT)",13232
Carson City,"STATE ASSEMBLY, DISTRICT 40","ZEMKE, AUTUMN",9278
Carson City,"SUPREME COURT JUSTICE, SEAT C","CADISH, ELISSA",10820
Carson City,"SUPREME COURT JUSTICE, SEAT C","TAO, JERRY",7376
Carson City,"SUPREME COURT JUSTICE, SEAT C",NONE OF THESE CANDIDATES,4034
Carson City,"SUPREME COURT JUSTICE, SEAT F","SILVER, ABBI",16457
Carson City,"SUPREME COURT JUSTICE, SEAT F",NONE OF THESE CANDIDATES,5497
Carson City,"SUPREME COURT JUSTICE, SEAT G","STIGLICH, LIDIA (INCUMBENT)",11645
Carson City,"SUPREME COURT JUSTICE, SEAT G","HARTER, MATHEW",6576
Carson City,"SUPREME COURT JUSTICE, SEAT G",NONE OF THESE CANDIDATES,3966
Carson City,BOARD OF SUPERVISORS,"GIOMI, STACEY",14373
Carson City,BOARD OF SUPERVISORS,"WOOD, JOHN",7228
Carson City,SHERIFF,"FURLONG, KENNY (INCUMBENT)",17536
Carson City,SHERIFF,"HOULE, LORNE R.",4700
Carson City,JUSTICE OF THE PEACE,"LUIS, KRISTIN",11079
Carson City,JUSTICE OF THE PEACE,"RUSSELL, RYAN",10680
Churchill,UNITED STATES SENATOR,"HELLER, DEAN (INCUMBENT)",7042
Churchill,UNITED STATES SENATOR,"ROSEN, JACKY",1999
Churchill,UNITED STATES SENATOR,NONE OF THESE CANDIDATES,218
Churchill,UNITED STATES SENATOR,"MICHAELS, BARRY",145
Churchill,UNITED STATES SENATOR,"HAGAN, TIM",116
Churchill,UNITED STATES SENATOR,"BAKARI, KAMAU A.",92
Churchill,"U.S. REPRESENTATIVE IN CONGRESS, DIST. 2","AMODEI, MARK E. (INCUMBENT)",7506
Churchill,"U.S. REPRESENTATIVE IN CONGRESS, DIST. 2","KOBLE, CLINT",1983
Churchill,GOVERNOR,"LAXALT, ADAM PAUL",7033
Churchill,GOVERNOR,"SISOLAK, STEVE",1869
Churchill,GOVERNOR,"BUNDY, RYAN",278
Churchill,GOVERNOR,NONE OF THESE CANDIDATES,194
Churchill,GOVERNOR,"BEST, RUSSELL",129
Churchill,GOVERNOR,"LORD, JARED",104
Churchill,LIEUTENANT GOVERNOR,"ROBERSON, MICHAEL",6385
Churchill,LIEUTENANT GOVERNOR,"MARSHALL, KATE",2338
Churchill,LIEUTENANT GOVERNOR,"HANSEN, JANINE",447
Churchill,LIEUTENANT GOVERNOR,NONE OF THESE CANDIDATES,244
Churchill,LIEUTENANT GOVERNOR,"UEHLING, ED",156
Churchill,SECRETARY OF STATE,"CEGAVSKE, BARBARA K. (INCUMBENT)",7193
Churchill,SECRETARY OF STATE,"ARAUJO, NELSON",2117
Churchill,SECRETARY OF STATE,NONE OF THESE CANDIDATES,259
Churchill,STATE TREASURER,"BEERS, BOB",6980
Churchill,STATE TREASURER,"CONINE, ZACH",1959
Churchill,STATE TREASURER,NONE OF THESE CANDIDATES,310
Churchill,STATE TREASURER,"HOGE, BILL",308
Churchill,STATE CONTROLLER,"KNECHT, RON (INCUMBENT)",7086
Churchill,STATE CONTROLLER,"BYRNE, CATHERINE",2173
Churchill,STATE CONTROLLER,NONE OF THESE CANDIDATES,306
Churchill,ATTORNEY GENERAL,"DUNCAN, WES",6961
Churchill,ATTORNEY GENERAL,"FORD, AARON",1805
Churchill,ATTORNEY GENERAL,"HANSEN, JOEL F.",539
Churchill,ATTORNEY GENERAL,NONE OF THESE CANDIDATES,262
Churchill,"STATE SENATE, DISTRICT 17","SETTELMEYER, JAMES ARNOLD (INCUMBENT)",7338
Churchill,"STATE SENATE, DISTRICT 17","CANNON, CURTIS W.",2115
Churchill,"STATE ASSEMBLY, DISTRICT 38","TITUS, ROBIN L. (INCUMBENT)",8647
Churchill,"SUPREME COURT JUSTICE, SEAT C","CADISH, ELISSA",3915
Churchill,"SUPREME COURT JUSTICE, SEAT C","TAO, JERRY",3359
Churchill,"SUPREME COURT JUSTICE, SEAT C",NONE OF THESE CANDIDATES,1821
Churchill,"SUPREME COURT JUSTICE, SEAT F","SILVER, ABBI",6725
Churchill,"SUPREME COURT JUSTICE, SEAT F",NONE OF THESE CANDIDATES,2137
Churchill,"SUPREME COURT JUSTICE, SEAT G","STIGLICH, LIDIA (INCUMBENT)",3957
Churchill,"SUPREME COURT JUSTICE, SEAT G","HARTER, MATHEW",3386
Churchill,"SUPREME COURT JUSTICE, SEAT G",NONE OF THESE CANDIDATES,1758
Churchill,DISTRICT ATTORNEY,"MALLORY, ART",8511
Churchill,PUBLIC ADMINISTRATOR,"GETTO JR., ROBERT M. (INCUMBENT)",8608
Churchill,"COUNTY COMMISSIONER, DISTRICT 2","OLSEN, PETE",8692
Churchill,COUNTY CLERK-TREASURER,"ROTHERY, LINDA",8639
Churchill,COUNTY ASSESSOR,"MONDHINK-FELTON, DENISE L.",8637
Churchill,COUNTY RECORDER,"HESSEY, TASHA (INCUMBENT)",8622
Churchill,BOARD OF SCHOOL TRUSTEES,"GETTO, AMBER N.",5111
Churchill,BOARD OF SCHOOL TRUSTEES,"BUCKMASTER, FREDERICK D.",4859
Churchill,BOARD OF SCHOOL TRUSTEES,"SCHANK, CARMEN (INCUMBENT)",4585
Churchill,BOARD OF SCHOOL TRUSTEES,"HYDE, MATT (INCUMBENT)",4239
Churchill,BOARD OF SCHOOL TRUSTEES,"MCDONALD, TEDD",3966
Churchill,BOARD OF SCHOOL TRUSTEES,"HENDRIX, CLAY (INCUMBENT)",3310
Churchill,BOARD OF SCHOOL TRUSTEES,"SMOTHERMAN, DEBY",2915
Churchill,BOARD OF SCHOOL TRUSTEES,"JULIAN, PATTY",2682
Churchill,"MOSQUITO, VECTOR & NOXIOUS WEED ABATEMENT BOARD","LATTIN, CHRISTY",6040
Churchill,"MOSQUITO, VECTOR & NOXIOUS WEED ABATEMENT BOARD","HUTCHINGS, THOMAS",4504
Churchill,"MOSQUITO, VECTOR & NOXIOUS WEED ABATEMENT BOARD","SPENCER, MICHAEL",3874
Churchill,"MOSQUITO, VECTOR & NOXIOUS WEED ABATEMENT BOARD","TUCKER, LARRY",3518
Churchill,"MOSQUITO, VECTOR & NOXIOUS WEED ABATEMENT BOARD","SMITH, GARY L.",3405
Churchill,SHERIFF,"HICKOX, RICHARD C.",5007
Churchill,SHERIFF,"EAST, RAY",4138
Churchill,JUSTICE OF THE PEACE,"TROTTER, BENJAMIN D.",5946
Churchill,JUSTICE OF THE PEACE,"RICHARDS, MIKE",3307
Clark,UNITED STATES SENATOR,"ROSEN, JACKY",358838
Clark,UNITED STATES SENATOR,"HELLER, DEAN (INCUMBENT)",266600
Clark,UNITED STATES SENATOR,NONE OF THESE CANDIDATES,9808
Clark,UNITED STATES SENATOR,"MICHAELS, BARRY",5921
Clark,UNITED STATES SENATOR,"HAGAN, TIM",5820
Clark,UNITED STATES SENATOR,"BAKARI, KAMAU A.",4782
Clark,"U.S. REPRESENTATIVE IN CONGRESS, DIST. 1","TITUS, DINA (INCUMBENT)",100643
Clark,"U.S. REPRESENTATIVE IN CONGRESS, DIST. 1","BENTLEY, JOYCE",46963
Clark,"U.S. REPRESENTATIVE IN CONGRESS, DIST. 1","GARFIELD, DAN",2453
Clark,"U.S. REPRESENTATIVE IN CONGRESS, DIST. 1","STRAWDER, ROBERT",2062
Clark,"U.S. REPRESENTATIVE IN CONGRESS, DIST. 3","LEE, SUSIE",148436
Clark,"U.S. REPRESENTATIVE IN CONGRESS, DIST. 3","TARKANIAN, DANNY",122527
Clark,"U.S. REPRESENTATIVE IN CONGRESS, DIST. 3","BROWN, STEVE",4554
Clark,"U.S. REPRESENTATIVE IN CONGRESS, DIST. 3","GOOSSEN, DAVID",3627
Clark,"U.S. REPRESENTATIVE IN CONGRESS, DIST. 3","VICKERS, HARRY L.",3479
Clark,"U.S. REPRESENTATIVE IN CONGRESS, DIST. 3","EISNER, GIL",1887
Clark,"U.S. REPRESENTATIVE IN CONGRESS, DIST. 3","GUMINA, TONY",1551
Clark,"U.S. REPRESENTATIVE IN CONGRESS, DIST. 4","HORSFORD, STEVEN A.",114348
Clark,"U.S. REPRESENTATIVE IN CONGRESS, DIST. 4","HARDY, CRESENT",83427
Clark,"U.S. REPRESENTATIVE IN CONGRESS, DIST. 4","MARKOWITZ, WARREN ROSS",2605
Clark,"U.S. REPRESENTATIVE IN CONGRESS, DIST. 4","SMITH, RODNEY",2282
Clark,"U.S. REPRESENTATIVE IN CONGRESS, DIST. 4","LUCKNER, GREGG",1830
Clark,"U.S. REPRESENTATIVE IN CONGRESS, DIST. 4","MCGONIGLE, DEAN",1650
Clark,GOVERNOR,"SISOLAK, STEVE",352715
Clark,GOVERNOR,"LAXALT, ADAM PAUL",266173
Clark,GOVERNOR,NONE OF THESE CANDIDATES,12711
Clark,GOVERNOR,"BUNDY, RYAN",8090
Clark,GOVERNOR,"BEST, RUSSELL",6462
Clark,GOVERNOR,"LORD, JARED",5604
Clark,LIEUTENANT GOVERNOR,"MARSHALL, KATE",350841
Clark,LIEUTENANT GOVERNOR,"ROBERSON, MICHAEL",260402
Clark,LIEUTENANT GOVERNOR,NONE OF THESE CANDIDATES,16103
Clark,LIEUTENANT GOVERNOR,"HANSEN, JANINE",13362
Clark,LIEUTENANT GOVERNOR,"UEHLING, ED",6990
Clark,SECRETARY OF STATE,"ARAUJO, NELSON",334708
Clark,SECRETARY OF STATE,"CEGAVSKE, BARBARA K. (INCUMBENT)",285567
Clark,SECRETARY OF STATE,NONE OF THESE CANDIDATES,18277
Clark,STATE TREASURER,"CONINE, ZACH",337599
Clark,STATE TREASURER,"BEERS, BOB",277683
Clark,STATE TREASURER,NONE OF THESE CANDIDATES,17473
Clark,STATE TREASURER,"HOGE, BILL",13936
Clark,STATE CONTROLLER,"BYRNE, CATHERINE",356884
Clark,STATE CONTROLLER,"KNECHT, RON (INCUMBENT)",268717
Clark,STATE CONTROLLER,NONE OF THESE CANDIDATES,19805
Clark,ATTORNEY GENERAL,"FORD, AARON",338273
Clark,ATTORNEY GENERAL,"DUNCAN, WES",274466
Clark,ATTORNEY GENERAL,"HANSEN, JOEL F.",18487
Clark,ATTORNEY GENERAL,NONE OF THESE CANDIDATES,16310
Clark,"STATE SENATE, DISTRICT 2","DENIS, MO (INCUMBENT)",13713
Clark,"STATE SENATE, DISTRICT 2","BORDER, CALVIN ""CAL""",3536
Clark,"STATE SENATE, DISTRICT 8","LOOP, MARILYN DONDERO",25771
Clark,"STATE SENATE, DISTRICT 8","WEBER, VALERIE",24152
Clark,"STATE SENATE, DISTRICT 9","SCHEIBLE, MELANIE",30896
Clark,"STATE SENATE, DISTRICT 9","JONES, TIFFANY",24652
Clark,"STATE SENATE, DISTRICT 10","CANCELA, YVANNA",20377
Clark,"STATE SENATE, DISTRICT 12","HARDY, JOE (INCUMBENT)",37185
Clark,"STATE SENATE, DISTRICT 12","JORDAHL, CRAIG",23122
Clark,"STATE SENATE, DISTRICT 20","PICKARD, KEITH",27159
Clark,"STATE SENATE, DISTRICT 20","PAZINA, JULIE",27131
Clark,"STATE SENATE, DISTRICT 20","BRONSTEIN, RICHARD ""RICK""",1078
Clark,"STATE SENATE, DISTRICT 21","OHRENSCHALL, JAMES",22385
Clark,"STATE SENATE, DISTRICT 21","MCGINNIS, RON",13719
Clark,"STATE ASSEMBLY, DISTRICT 1","MONROE-MORENO, DANIELE",18954
Clark,"STATE ASSEMBLY, DISTRICT 2","HAMBRICK, JOHN (INCUMBENT)",14594
Clark,"STATE ASSEMBLY, DISTRICT 2","SHERWOOD, JENNIE",13541
Clark,"STATE ASSEMBLY, DISTRICT 3","TORRES, SELENA",10136
Clark,"STATE ASSEMBLY, DISTRICT 3","SEDLMEYER, STEPHEN G.",5110
Clark,"STATE ASSEMBLY, DISTRICT 4","MUNK, CONNIE",14525
Clark,"STATE ASSEMBLY, DISTRICT 4","MCARTHUR, RICHARD",14409
Clark,"STATE ASSEMBLY, DISTRICT 4","LYSTRUP, BOB",671
Clark,"STATE ASSEMBLY, DISTRICT 5","MILLER, BRITTNEY (INCUMBENT)",11933
Clark,"STATE ASSEMBLY, DISTRICT 5","BURKE, JASON",9446
Clark,"STATE ASSEMBLY, DISTRICT 6","MCCURDY, II, WILLIAM O'NEIL",10390
Clark,"STATE ASSEMBLY, DISTRICT 7","NEAL, DINA (INCUMBENT)",15031
Clark,"STATE ASSEMBLY, DISTRICT 8","FRIERSON, JASON (INCUMBENT)",11681
Clark,"STATE ASSEMBLY, DISTRICT 8","PEETRIS, TINA M.",7699
Clark,"STATE ASSEMBLY, DISTRICT 9","YEAGER, STEVE (INCUMBENT)",15482
Clark,"STATE ASSEMBLY, DISTRICT 9","CANNON, LINDA",11312
Clark,"STATE ASSEMBLY, DISTRICT 10","BROOKS, CHRIS (INCUMBENT)",9177
Clark,"STATE ASSEMBLY, DISTRICT 10","SEARLES, NOEL",4757
Clark,"STATE ASSEMBLY, DISTRICT 10","FRIEDRICH, JONATHAN",469
Clark,"STATE ASSEMBLY, DISTRICT 11","DIAZ, OLIVIA (INCUMBENT)",6756
Clark,"STATE ASSEMBLY, DISTRICT 11","MICELI, GIANNA",1556
Clark,"STATE ASSEMBLY, DISTRICT 12","MARTINEZ, SUSAN",12706
Clark,"STATE ASSEMBLY, DISTRICT 12","FLETCHER, RICHARD",10169
Clark,"STATE ASSEMBLY, DISTRICT 12","MARTINEZ, MARY ELIZABETH BOYER",736
Clark,"STATE ASSEMBLY, DISTRICT 13","ROBERTS, TOM",17008
Clark,"STATE ASSEMBLY, DISTRICT 13","FOSTER, LEONARD",9225
Clark,"STATE ASSEMBLY, DISTRICT 14","CARLTON, MAGGIE (INCUMBENT)",10363
Clark,"STATE ASSEMBLY, DISTRICT 15","WATTS, III, HOWARD",9345
Clark,"STATE ASSEMBLY, DISTRICT 15","VAUGHAN, STAN",4718
Clark,"STATE ASSEMBLY, DISTRICT 16","SWANK, HEIDI (INCUMBENT)",9101
Clark,"STATE ASSEMBLY, DISTRICT 17","THOMPSON, TYRONE (INCUMBENT)",13796
Clark,"STATE ASSEMBLY, DISTRICT 17","LITTLE, PATRICIA ""PAT""",6584
Clark,"STATE ASSEMBLY, DISTRICT 17","NEWSOME, RONALD",522
Clark,"STATE ASSEMBLY, DISTRICT 18","CARRILLO, RICHARD (INCUMBENT)",11369
Clark,"STATE ASSEMBLY, DISTRICT 18","SADLER, MATT",6037
Clark,"STATE ASSEMBLY, DISTRICT 19","EDWARDS, CHRIS (INCUMBENT)",18324
Clark,"STATE ASSEMBLY, DISTRICT 20","SPIEGEL, ELLEN (INCUMBENT)",12024
Clark,"STATE ASSEMBLY, DISTRICT 20","MCDONALD, MICHAEL L.",7343
Clark,"STATE ASSEMBLY, DISTRICT 21","FUMO, OZZIE (INCUMBENT)",12567
Clark,"STATE ASSEMBLY, DISTRICT 21","ARRINGTON, CHERLYN",9771
Clark,"STATE ASSEMBLY, DISTRICT 22","HARDY, MELISSA",17099
Clark,"STATE ASSEMBLY, DISTRICT 22","WATSON, KRISTEE",14366
Clark,"STATE ASSEMBLY, DISTRICT 23","LEAVITT, GLEN",24096
Clark,"STATE ASSEMBLY, DISTRICT 23","PRETA, RALPH",9639
Clark,"STATE ASSEMBLY, DISTRICT 28","FLORES, EDGAR (INCUMBENT)",7842
Clark,"STATE ASSEMBLY, DISTRICT 29","COHEN, LESLEY ELIZABETH (INCUMBENT)",13506
Clark,"STATE ASSEMBLY, DISTRICT 29","SILBERKRAUS, STEPHEN H.",12170
Clark,"STATE ASSEMBLY, DISTRICT 29","JAMES-NEWMAN, BRUCE",582
Clark,"STATE ASSEMBLY, DISTRICT 34","BILBRAY-AXELROD, SHANNON (INCUMBENT)",12875
Clark,"STATE ASSEMBLY, DISTRICT 34","WESEN, JANICE E.",8880
Clark,"STATE ASSEMBLY, DISTRICT 35","GORELOW, MICHELLE",14330
Clark,"STATE ASSEMBLY, DISTRICT 35","SCHOEN, DAVID",11482
Clark,"STATE ASSEMBLY, DISTRICT 35","HOFSTEIN, DANIEL",2905
Clark,"STATE ASSEMBLY, DISTRICT 36","HOF, DENNIS",5551
Clark,"STATE ASSEMBLY, DISTRICT 36","ROMANOV, LESIA",4921
Clark,"STATE ASSEMBLY, DISTRICT 37","BACKUS, SHEA",14218
Clark,"STATE ASSEMBLY, DISTRICT 37","MARCHANT, JIM",14085
Clark,"STATE ASSEMBLY, DISTRICT 41","JAUREGUI, SANDRA (INCUMBENT)",12931
Clark,"STATE ASSEMBLY, DISTRICT 41","WADE, PARIS",10810
Clark,"STATE ASSEMBLY, DISTRICT 42","ASSEFA, ALEXANDER",11090
Clark,"SUPREME COURT JUSTICE, SEAT C","CADISH, ELISSA",260732
Clark,"SUPREME COURT JUSTICE, SEAT C","TAO, JERRY",198708
Clark,"SUPREME COURT JUSTICE, SEAT C",NONE OF THESE CANDIDATES,137875
Clark,"SUPREME COURT JUSTICE, SEAT F","SILVER, ABBI",399062
Clark,"SUPREME COURT JUSTICE, SEAT F",NONE OF THESE CANDIDATES,176029
Clark,"SUPREME COURT JUSTICE, SEAT G","STIGLICH, LIDIA (INCUMBENT)",266260
Clark,"SUPREME COURT JUSTICE, SEAT G","HARTER, MATHEW",179912
Clark,"SUPREME COURT JUSTICE, SEAT G",NONE OF THESE CANDIDATES,145329
Clark,"UNIVERSITY BOARD OF REGENTS, DISTRICT 1","PERKINS, LAURA E.",33086
Clark,"UNIVERSITY BOARD OF REGENTS, DISTRICT 1","CATO, JO",20165
Clark,"UNIVERSITY BOARD OF REGENTS, DISTRICT 12","CARVALHO, AMY",40392
Clark,"UNIVERSITY BOARD OF REGENTS, DISTRICT 12","COATES, ANDREW",25864
Clark,"DISTRICT COURT JUDGE, DISTRICT 8, DEPARTMENT 10","JONES, TIERRA",484976
Clark,"DISTRICT COURT JUDGE, DISTRICT 8, DEPARTMENT 18","HOLTHUS, MARY KAY",283241
Clark,"DISTRICT COURT JUDGE, DISTRICT 8, DEPARTMENT 18","BAILUS, MARK B.",231660
Clark,"DISTRICT COURT JUDGE, DISTRICT 8, DEPARTMENT 29","JONES, DAVID M. (INCUMBENT)",475644
Clark,DISTRICT ATTORNEY,"WOLFSON, STEVE (INCUMBENT)",492503
Clark,COUNTY ASSESSOR,"JOHNSON, BRIANA",361295
Clark,COUNTY ASSESSOR,"MCCLAIN, GINA",273970
Clark,PUBLIC ADMINISTRATOR,"TELLES, ROBERT",338362
Clark,PUBLIC ADMINISTRATOR,"FOUGERE, THOMAS L.",261388
Clark,PUBLIC ADMINISTRATOR,"DACOSTA, VICTORIA KAY",34009
Clark,COUNTY RECORDER,"CONWAY, DEBBIE",364456
Clark,COUNTY RECORDER,"MACFARLANE, JILL",270887
Clark,COUNTY COMMISSIONER DISTRICT E,"SEGERBLOM, ""TICK""",41370
Clark,COUNTY COMMISSIONER DISTRICT E,"MARSH, TRISH",24730
Clark,COUNTY COMMISSIONER DISTRICT F,"JONES, JUSTIN",55811
Clark,COUNTY COMMISSIONER DISTRICT F,"BLACK, TISHA",47473
Clark,COUNTY COMMISSIONER DISTRICT G,"GIBSON, JIM (INCUMBENT)",60901
Clark,COUNTY COMMISSIONER DISTRICT G,"LAKE, CINDY",45826
Clark,COUNTY COMMISSIONER DISTRICT G,"MARSH, DOUG",2616
Clark,COUNTY CLERK,"GOYA, LYNN MARIA (INCUMBENT)",363387
Clark,COUNTY CLERK,"LLOYD, MINDDIE",271587
Clark,COUNTY TREASURER,"FITZPATRICK, LAURA (INCUMBENT)",367636
Clark,COUNTY TREASURER,"COLLINS, PHIL",269248
Clark,"CONSTABLE, BOULDER TOWNSHIP","HAMPE, STEVE (INCUMBENT)",6386
Clark,"CONSTABLE, BUNKERVILLE TOWNSHIP","LAUB, ERIK L. (INCUMBENT)",337
Clark,"CONSTABLE, GOODSPRINGS TOWNSHIP","ROGERS, GARY P. (INCUMBENT)",646
Clark,"CONSTABLE, HENDERSON TOWNSHIP","TAYLOR, KENNY",64333
Clark,"CONSTABLE, HENDERSON TOWNSHIP","PITTS, JOE",54871
Clark,"CONSTABLE, LAUGHLIN TOWNSHIP","ROSS, JORDAN (INCUMBENT)",2330
Clark,"CONSTABLE, MESQUITE TOWNSHIP","THURSTON, DUANE L. (INCUMBENT)",6394
Clark,"CONSTABLE, MOAPA TOWNSHIP","JENSEN, JOSH",345
Clark,"CONSTABLE, MOAPA VALLEY TOWNSHIP","FREI, LEON S.",2538
Clark,"CONSTABLE, NORTH LAS VEGAS TOWNSHIP","ELIASON, ROBERT L. (INCUMBENT)",44619
Clark,"CONSTABLE, NORTH LAS VEGAS TOWNSHIP","VEGA, JIMMY",23181
Clark,"CONSTABLE, SEARCHLIGHT TOWNSHIP","COCHRAN, JACK ""FAT JACK"" (INCUMBENT)",230
Clark,"TRUSTEE, CLARK COUNTY SCHOOL DISTRICT D","CEPEDA, IRENE",28197
Clark,"TRUSTEE, CLARK COUNTY SCHOOL DISTRICT D","CHILD, KEVIN L. (INCUMBENT)",12657
Clark,"TRUSTEE, CLARK COUNTY SCHOOL DISTRICT F","FORD, DANIELLE",51184
Clark,"TRUSTEE, CLARK COUNTY SCHOOL DISTRICT F","MILLER, KALI FOX",33732
Clark,"TRUSTEE, CLARK COUNTY SCHOOL DISTRICT G","CAVAZOS, LINDA (INCUMBENT)",44888
Clark,"TRUSTEE, CLARK COUNTY SCHOOL DISTRICT G","SCALIA, RYAN",23478
Clark,"MEMBER, VIRGIN VALLEY WATER DISTRICT, MESQUITE","DAVIS, BEN K. (INCUMBENT)",3282
Clark,"MEMBER, VIRGIN VALLEY WATER DISTRICT, MESQUITE","BURROWS, JOHN",3024
Clark,"MEMBER, VIRGIN VALLEY WATER DISTRICT, MESQUITE","WALKER, JERE A.",2876
Clark,CITY OF MESQUITE COUNCILMEMBER SEAT 1,"RAMAKER, SANDRA",4126
Clark,CITY OF MESQUITE COUNCILMEMBER SEAT 1,"WITHELDER, GENO (INCUMBENT)",3073
Clark,CITY OF MESQUITE COUNCILMEMBER SEAT 3,"GAULT, GEORGE H.",3992
Clark,CITY OF MESQUITE COUNCILMEMBER SEAT 3,"BALLWEG, DAVID P. (INCUMBENT)",3118
Clark,CITY OF MESQUITE COUNCILMEMBER SEAT 4,"BLACK, ANN ""ANNIE""",3841
Clark,CITY OF MESQUITE COUNCILMEMBER SEAT 4,"FIELDING, KAREN",3568
Clark,"JUSTICE OF THE PEACE, BUNKERVILLE TWNSH","DODENBIER, DARRYLL B. (INCUMBENT)",233
Clark,"JUSTICE OF THE PEACE, BUNKERVILLE TWNSH","HAVILAND, BRIAN DOUGLAS",177
Clark,"JUSTICE OF THE PEACE, BOULDER TWNSH","MILLER, VICTOR LEE",4745
Clark,"JUSTICE OF THE PEACE, BOULDER TWNSH","MARTIN, ROBERT D.",1999
Clark,"JUSTICE OF THE PEACE, GOODSPRINGS TWNSH","SHUPE, LARRY",383
Clark,"JUSTICE OF THE PEACE, GOODSPRINGS TWNSH","CARTER, AMBER",366
Clark,"JUSTICE OF THE PEACE, LAS VEGAS TWNSH DEPARTMENT 1","GRAHAM, ELANA LEE",203003
Clark,"JUSTICE OF THE PEACE, LAS VEGAS TWNSH DEPARTMENT 1","LEAVITT, JAMES DEAN",149115
Douglas,UNITED STATES SENATOR,"HELLER, DEAN (INCUMBENT)",16742
Douglas,UNITED STATES SENATOR,"ROSEN, JACKY",8301
Douglas,UNITED STATES SENATOR,NONE OF THESE CANDIDATES,388
Douglas,UNITED STATES SENATOR,"HAGAN, TIM",266
Douglas,UNITED STATES SENATOR,"MICHAELS, BARRY",224
Douglas,UNITED STATES SENATOR,"BAKARI, KAMAU A.",134
Douglas,"U.S. REPRESENTATIVE IN CONGRESS, DIST. 2","AMODEI, MARK E. (INCUMBENT)",17734
Douglas,"U.S. REPRESENTATIVE IN CONGRESS, DIST. 2","KOBLE, CLINT",8091
Douglas,GOVERNOR,"LAXALT, ADAM PAUL",16897
Douglas,GOVERNOR,"SISOLAK, STEVE",7962
Douglas,GOVERNOR,NONE OF THESE CANDIDATES,408
Douglas,GOVERNOR,"BUNDY, RYAN",345
Douglas,GOVERNOR,"LORD, JARED",222
Douglas,GOVERNOR,"BEST, RUSSELL",211
Douglas,LIEUTENANT GOVERNOR,"ROBERSON, MICHAEL",15723
Douglas,LIEUTENANT GOVERNOR,"MARSHALL, KATE",8661
Douglas,LIEUTENANT GOVERNOR,"HANSEN, JANINE",719
Douglas,LIEUTENANT GOVERNOR,NONE OF THESE CANDIDATES,491
Douglas,LIEUTENANT GOVERNOR,"UEHLING, ED",332
Douglas,SECRETARY OF STATE,"CEGAVSKE, BARBARA K. (INCUMBENT)",17167
Douglas,SECRETARY OF STATE,"ARAUJO, NELSON",7916
Douglas,SECRETARY OF STATE,NONE OF THESE CANDIDATES,576
Douglas,STATE TREASURER,"BEERS, BOB",16929
Douglas,STATE TREASURER,"CONINE, ZACH",7717
Douglas,STATE TREASURER,NONE OF THESE CANDIDATES,664
Douglas,STATE TREASURER,"HOGE, BILL",540
Douglas,STATE CONTROLLER,"KNECHT, RON (INCUMBENT)",17079
Douglas,STATE CONTROLLER,"BYRNE, CATHERINE",8107
Douglas,STATE CONTROLLER,NONE OF THESE CANDIDATES,655
Douglas,ATTORNEY GENERAL,"DUNCAN, WES",16965
Douglas,ATTORNEY GENERAL,"FORD, AARON",7383
Douglas,ATTORNEY GENERAL,"HANSEN, JOEL F.",931
Douglas,ATTORNEY GENERAL,NONE OF THESE CANDIDATES,610
Douglas,"STATE SENATE, DISTRICT 17","SETTELMEYER, JAMES ARNOLD (INCUMBENT)",17995
Douglas,"STATE SENATE, DISTRICT 17","CANNON, CURTIS W.",7771
Douglas,"STATE ASSEMBLY, DISTRICT 39","WHEELER, JIM (INCUMBENT)",16780
Douglas,"STATE ASSEMBLY, DISTRICT 39","ACKERMAN, PATRICIA",8458
Douglas,"STATE ASSEMBLY, DISTRICT 39","CWALINA, PAUL",468
Douglas,"SUPREME COURT JUSTICE, SEAT C","CADISH, ELISSA",10237
Douglas,"SUPREME COURT JUSTICE, SEAT C","TAO, JERRY",8307
Douglas,"SUPREME COURT JUSTICE, SEAT C",NONE OF THESE CANDIDATES,4849
Douglas,"SUPREME COURT JUSTICE, SEAT F","SILVER, ABBI",17083
Douglas,"SUPREME COURT JUSTICE, SEAT F",NONE OF THESE CANDIDATES,5365
Douglas,"SUPREME COURT JUSTICE, SEAT G","STIGLICH, LIDIA (INCUMBENT)",10186
Douglas,"SUPREME COURT JUSTICE, SEAT G","HARTER, MATHEW",8802
Douglas,"SUPREME COURT JUSTICE, SEAT G",NONE OF THESE CANDIDATES,4410
Douglas,DISTRICT ATTORNEY,"JACKSON, MARK B. (INCUMBENT)",21188
Douglas,COUNTY ASSESSOR,"THOLEN, TRENT",21556
Douglas,PUBLIC ADMINISTRATOR,"WALSH, STEVE",21173
Douglas,COUNTY RECORDER,"ELLISON, KAREN (INCUMBENT)",21417
Douglas,COUNTY CLERK-TREASURER,"LEWIS, KATHY (INCUMBENT)",21862
Douglas,COUNTY COMMISSIONER DISTRICT 2,"ENGELS, JOHN",20744
Douglas,COUNTY COMMISSIONER DISTRICT 4,"RICE, WESLEY A.",17436
Douglas,COUNTY COMMISSIONER DISTRICT 4,"KANDEL, KRISTI LYNN",6834
Douglas,"CONSTABLE, EAST FORK TOWNSHIP","GILBERT, PAUL E. (INCUMBENT)",19261
Douglas,GARDNERVILLE RANCHOS GENERAL IMPROVEMENT DISTRICT,"SHERIDAN, JOHN",2847
Douglas,GARDNERVILLE RANCHOS GENERAL IMPROVEMENT DISTRICT,"TETER, LEANN M. (INCUMBENT)",2196
Douglas,GARDNERVILLE RANCHOS GENERAL IMPROVEMENT DISTRICT,"NEWLON, BRAD (INCUMBENT)",2140
Douglas,GARDNERVILLE RANCHOS GENERAL IMPROVEMENT DISTRICT,"SPELLBERG, ROBERT",2048
Douglas,INDIAN HILLS GENERAL IMPROVEMENT DISTRICT,"CLARK-ROSS, KATHRYN",1113
Douglas,INDIAN HILLS GENERAL IMPROVEMENT DISTRICT,"GARCIA, ROBERT M.",1001
Douglas,INDIAN HILLS GENERAL IMPROVEMENT DISTRICT,"EISELE, BILL (INCUMBENT)",947
Douglas,INDIAN HILLS GENERAL IMPROVEMENT DISTRICT,"STOLYAROV, GENNADY II",520
Douglas,KINGSBURY GENERAL IMPROVEMENT DISTRICT,"VOGT, DARYA (INCUMBENT)",522
Douglas,KINGSBURY GENERAL IMPROVEMENT DISTRICT,"PARKS, SANDRA ""SANDY""",405
Douglas,KINGSBURY GENERAL IMPROVEMENT DISTRICT,"KIRSCHNER, WILLIAM ""BILL""",394
Douglas,KINGSBURY GENERAL IMPROVEMENT DISTRICT,"NORMAN, DAN (INCUMBENT)",393
Douglas,MINDEN-GARDNERVILLE SANITATION DISTRICT,"THRAN, TED",2449
Douglas,MINDEN-GARDNERVILLE SANITATION DISTRICT,"KING, MIKE (INCUMBENT)",2225
Douglas,MINDEN-GARDNERVILLE SANITATION DISTRICT,"SCHILLING, MARY",2138
Douglas,MINDEN-GARDNERVILLE SANITATION DISTRICT,"WILSON, RAY",1985
Douglas,ROUND HILL GENERAL IMPROVEMENT DISTRICT,"FAGEN, CHARLES ""CHUCK"" (INCUMBENT)",191
Douglas,ROUND HILL GENERAL IMPROVEMENT DISTRICT,"HARRIS, HUNTER (INCUMBENT)",155
Douglas,ROUND HILL GENERAL IMPROVEMENT DISTRICT,"FERTALA, KEITH E. (INCUMBENT)",151
Douglas,ROUND HILL GENERAL IMPROVEMENT DISTRICT,"MURPHY, JANET",128
Douglas,ROUND HILL GENERAL IMPROVEMENT DISTRICT,"RUSCHMEYER, CARL N.",95
Douglas,TOWN OF GARDNERVILLE ADVISORY BOARD,"SLATER, LINDA L. (INCUMBENT)",1434
Douglas,TOWN OF GARDNERVILLE ADVISORY BOARD,"HENNINGSEN, MICHAEL",1172
Douglas,TOWN OF GARDNERVILLE ADVISORY BOARD,"MILLER, KENNETH (INCUMBENT)",929
Douglas,TOWN OF GARDNERVILLE ADVISORY BOARD,"TRUTE, BRIAN",778
Douglas,TOWN OF GARDNERVILLE ADVISORY BOARD,"HAMPTON, AARON",735
Douglas,TOWN OF MINDEN ADVISORY BOARD,"BERNARD, MATT (INCUMBENT)",947
Douglas,TOWN OF MINDEN ADVISORY BOARD,"STANGLE, ROXANNE (INCUMBENT)",807
Douglas,TOWN OF MINDEN ADVISORY BOARD,"DRISCOLL, BILL",804
Douglas,TOWN OF MINDEN ADVISORY BOARD,"SOULIGNY, WILLIAM R. ""BILL"" (INCUMBENT)",799
Douglas,TOWN OF MINDEN ADVISORY BOARD,"KOONTZ, RICHARD SR.",755
Douglas,"JUSTICE OF THE PEACE, EAST FORK TOWNSHIP","JONES, CASSANDRA G.",11523
Douglas,"JUSTICE OF THE PEACE, EAST FORK TOWNSHIP","LEVIN, ERIK",8902
Elko,UNITED STATES SENATOR,"HELLER, DEAN (INCUMBENT)",11490
Elko,UNITED STATES SENATOR,"ROSEN, JACKY",2903
Elko,UNITED STATES SENATOR,NONE OF THESE CANDIDATES,260
Elko,UNITED STATES SENATOR,"HAGAN, TIM",205
Elko,UNITED STATES SENATOR,"MICHAELS, BARRY",172
Elko,UNITED STATES SENATOR,"BAKARI, KAMAU A.",142
Elko,"U.S. REPRESENTATIVE IN CONGRESS, DIST. 2","AMODEI, MARK E. (INCUMBENT)",12068
Elko,"U.S. REPRESENTATIVE IN CONGRESS, DIST. 2","KOBLE, CLINT",2964
Elko,GOVERNOR,"LAXALT, ADAM PAUL",11444
Elko,GOVERNOR,"SISOLAK, STEVE",2604
Elko,GOVERNOR,"BUNDY, RYAN",610
Elko,GOVERNOR,NONE OF THESE CANDIDATES,213
Elko,GOVERNOR,"LORD, JARED",159
Elko,GOVERNOR,"BEST, RUSSELL",140
Elko,LIEUTENANT GOVERNOR,"ROBERSON, MICHAEL",10552
Elko,LIEUTENANT GOVERNOR,"MARSHALL, KATE",3109
Elko,LIEUTENANT GOVERNOR,"HANSEN, JANINE",943
Elko,LIEUTENANT GOVERNOR,NONE OF THESE CANDIDATES,323
Elko,LIEUTENANT GOVERNOR,"UEHLING, ED",186
Elko,SECRETARY OF STATE,"CEGAVSKE, BARBARA K. (INCUMBENT)",11768
Elko,SECRETARY OF STATE,"ARAUJO, NELSON",2875
Elko,SECRETARY OF STATE,NONE OF THESE CANDIDATES,463
Elko,STATE TREASURER,"BEERS, BOB",11295
Elko,STATE TREASURER,"CONINE, ZACH",2887
Elko,STATE TREASURER,"HOGE, BILL",522
Elko,STATE TREASURER,NONE OF THESE CANDIDATES,401
Elko,STATE CONTROLLER,"KNECHT, RON (INCUMBENT)",11439
Elko,STATE CONTROLLER,"BYRNE, CATHERINE",3177
Elko,STATE CONTROLLER,NONE OF THESE CANDIDATES,461
Elko,ATTORNEY GENERAL,"DUNCAN, WES",11173
Elko,ATTORNEY GENERAL,"FORD, AARON",2842
Elko,ATTORNEY GENERAL,"HANSEN, JOEL F.",692
Elko,ATTORNEY GENERAL,NONE OF THESE CANDIDATES,397
Elko,"STATE ASSEMBLY, DISTRICT 33","ELLISON, JOHN C. (INCUMBENT)",13578
Elko,"SUPREME COURT JUSTICE, SEAT C","TAO, JERRY",6079
Elko,"SUPREME COURT JUSTICE, SEAT C","CADISH, ELISSA",4979
Elko,"SUPREME COURT JUSTICE, SEAT C",NONE OF THESE CANDIDATES,3224
Elko,"SUPREME COURT JUSTICE, SEAT F","SILVER, ABBI",10223
Elko,"SUPREME COURT JUSTICE, SEAT F",NONE OF THESE CANDIDATES,3602
Elko,"SUPREME COURT JUSTICE, SEAT G","HARTER, MATHEW",6359
Elko,"SUPREME COURT JUSTICE, SEAT G","STIGLICH, LIDIA (INCUMBENT)",4598
Elko,"SUPREME COURT JUSTICE, SEAT G",NONE OF THESE CANDIDATES,3139
Elko,DISTRICT ATTORNEY,"INGRAM, TYLER (INCUMBENT)",13448
Elko,COUNTY CLERK,"JAKEMAN, KRISTINE ""KRIS""",13498
Elko,COUNTY RECORDER,"SMALES, D. MIKE",13623
Elko,COUNTY CLERK-TREASURER,"PAUL, CHERYL",13505
Elko,COUNTY ASSESSOR,"RUSSELL, KATRINKA S. (INCUMBENT)",13609
Elko,"COUNTY COMMISSIONER, DISTRICT 2","ANDREOZZI, DELMO",13668
Elko,"COUNTY COMMISSIONER, DISTRICT 4","EKLUND, CLIFF",13447
Elko,"SCHOOL BOARD OF TRUSTEES, DISTRICT 1","ZEISZLER, BRIAN",6819
Elko,"SCHOOL BOARD OF TRUSTEES, DISTRICT 1","PHILLIPS, STACIE (INCUMBENT)",6564
Elko,"SCHOOL BOARD OF TRUSTEES, DISTRICT 6","WINES, CANDACE",8501
Elko,"SCHOOL BOARD OF TRUSTEES, DISTRICT 6","CARTER, EMILY",5068
Elko,"WEST WENDOVER RECREATION BOARD, SEAT 2","CHRISTENSEN, MICHAEL",189
Elko,"WEST WENDOVER RECREATION BOARD, SEAT 2","RAY, BRIAN",160
Elko,"WEST WENDOVER RECREATION BOARD, SEAT 2","ORTEGA, MARIA G.",156
Elko,"WEST WENDOVER RECREATION BOARD, SEAT 3","RODRIGUEZ, GERARDO",315
Elko,"WEST WENDOVER RECREATION BOARD, SEAT 3","CARTER, JARED F.",197
Elko,"WEST WENDOVER CITY COUNCIL, SEATS 1,2,5","DURHAM, KATHY",350
Elko,"WEST WENDOVER CITY COUNCIL, SEATS 1,2,5","HOLM, JASIE (INCUMBENT)",350
Elko,"WEST WENDOVER CITY COUNCIL, SEATS 1,2,5","GUTIERREZ, ISMAEL ""IZZY"" (INCUMBENT)",316
Elko,"WEST WENDOVER CITY COUNCIL, SEATS 1,2,5","HANSON, JOHN B. (INCUMBENT)",214
Elko,"WEST WENDOVER CITY COUNCIL, SEATS 1,2,5","DURHAM, JEFF R.",150
Elko,SHERIFF,"NARVAIZA, AITOR",7955
Elko,SHERIFF,"PITTS, JIM (INCUMBENT)",6634
Elko,"ELKO CITY COUNCIL, 2 SEATS","STONE, CHIP",2907
Elko,"ELKO CITY COUNCIL, 2 SEATS","HANCE, BILL",1824
Elko,"ELKO CITY COUNCIL, 2 SEATS","SMITH, RO",1677
Elko,"ELKO CITY COUNCIL, 2 SEATS","SECRIST, JEANNA",1600
Elko,"ELKO CITY COUNCIL, 2 SEATS","LIKER, TONY",888
Elko,ELKO CITY MAYOR,"KEENER, REECE",3010
Elko,ELKO CITY MAYOR,"LOGSDEN, MARCEY",2071
Elko,"CARLIN CITY COUNCIL, 2 SEATS","GRISWOLD, PATRICIA ""PAM"" (INCUMBENT)",340
Elko,"CARLIN CITY COUNCIL, 2 SEATS","LITCHFIELD, LINCOLN (INCUMBENT)",245
Elko,"CARLIN CITY COUNCIL, 2 SEATS","EVENSON, WAYNE A.",229
Elko,"CARLIN CITY COUNCIL, 2 SEATS","ESPARZA, SABRA",166
Elko,CARLIN CITY COUNCIL,"KINNEY, CAMERON (INCUMBENT)",514
Elko,CARLIN CITY MAYOR,"HOLBROOK, DANA DON (INCUMBENT)",520
Elko,WELLS CITY MAYOR,"WALZ, LAYLA (INCUMBENT)",356
Elko,WELLS CITY COUNCIL,"WOOLSEY, ROBERT",298
Elko,WELLS CITY COUNCIL,"PACE, MICHAEL K. (INCUMBENT)",93
Elko,WELLS CITY COUNCIL,"GOOLSBY, JONATHAN",340
Elko,"ELKO JUSTICE OF THE PEACE, DEPARTMENT A","SIMONS, MASON EDWARD (INCUMBENT)",7778
Elko,"ELKO JUSTICE OF THE PEACE, DEPARTMENT A","CHIESA, ANTOINETTE",3984
Esmeralda,UNITED STATES SENATOR,"HELLER, DEAN (INCUMBENT)",280
Esmeralda,UNITED STATES SENATOR,"ROSEN, JACKY",52
Esmeralda,UNITED STATES SENATOR,NONE OF THESE CANDIDATES,17
Esmeralda,UNITED STATES SENATOR,"HAGAN, TIM",10
Esmeralda,UNITED STATES SENATOR,"MICHAELS, BARRY",9
Esmeralda,UNITED STATES SENATOR,"BAKARI, KAMAU A.",3
Esmeralda,"U.S. REPRESENTATIVE IN CONGRESS, DIST. 4","HARDY, CRESENT",290
Esmeralda,"U.S. REPRESENTATIVE IN CONGRESS, DIST. 4","HORSFORD, STEVEN A.",54
Esmeralda,"U.S. REPRESENTATIVE IN CONGRESS, DIST. 4","LUCKNER, GREGG",8
Esmeralda,"U.S. REPRESENTATIVE IN CONGRESS, DIST. 4","MARKOWITZ, WARREN ROSS",8
Esmeralda,"U.S. REPRESENTATIVE IN CONGRESS, DIST. 4","MCGONIGLE, DEAN",2
Esmeralda,"U.S. REPRESENTATIVE IN CONGRESS, DIST. 4","SMITH, RODNEY",2
Esmeralda,GOVERNOR,"LAXALT, ADAM PAUL",273
Esmeralda,GOVERNOR,"SISOLAK, STEVE",51
Esmeralda,GOVERNOR,"BUNDY, RYAN",29
Esmeralda,GOVERNOR,NONE OF THESE CANDIDATES,8
Esmeralda,GOVERNOR,"BEST, RUSSELL",7
Esmeralda,GOVERNOR,"LORD, JARED",3
Esmeralda,LIEUTENANT GOVERNOR,"ROBERSON, MICHAEL",258
Esmeralda,LIEUTENANT GOVERNOR,"MARSHALL, KATE",61
Esmeralda,LIEUTENANT GOVERNOR,"HANSEN, JANINE",20
Esmeralda,LIEUTENANT GOVERNOR,NONE OF THESE CANDIDATES,19
Esmeralda,LIEUTENANT GOVERNOR,"UEHLING, ED",12
Esmeralda,SECRETARY OF STATE,"CEGAVSKE, BARBARA K. (INCUMBENT)",291
Esmeralda,SECRETARY OF STATE,"ARAUJO, NELSON",57
Esmeralda,SECRETARY OF STATE,NONE OF THESE CANDIDATES,21
Esmeralda,STATE TREASURER,"BEERS, BOB",282
Esmeralda,STATE TREASURER,"CONINE, ZACH",55
Esmeralda,STATE TREASURER,"HOGE, BILL",16
Esmeralda,STATE TREASURER,NONE OF THESE CANDIDATES,15
Esmeralda,STATE CONTROLLER,"KNECHT, RON (INCUMBENT)",270
Esmeralda,STATE CONTROLLER,"BYRNE, CATHERINE",68
Esmeralda,STATE CONTROLLER,NONE OF THESE CANDIDATES,27
Esmeralda,ATTORNEY GENERAL,"DUNCAN, WES",271
Esmeralda,ATTORNEY GENERAL,"FORD, AARON",57
Esmeralda,ATTORNEY GENERAL,NONE OF THESE CANDIDATES,21
Esmeralda,ATTORNEY GENERAL,"HANSEN, JOEL F.",20
Esmeralda,"STATE SENATE, DISTRICT 14","HANSEN, IRA",291
Esmeralda,"STATE SENATE, DISTRICT 14","BOSZAK, WENDY",71
Esmeralda,"STATE ASSEMBLY, DISTRICT 32","HANSEN, ALEXIS M.",290
Esmeralda,"STATE ASSEMBLY, DISTRICT 32","POVILAITIS, PAULA",72
Esmeralda,"SUPREME COURT JUSTICE, SEAT C","TAO, JERRY",154
Esmeralda,"SUPREME COURT JUSTICE, SEAT C","CADISH, ELISSA",113
Esmeralda,"SUPREME COURT JUSTICE, SEAT C",NONE OF THESE CANDIDATES,84
Esmeralda,"SUPREME COURT JUSTICE, SEAT F","SILVER, ABBI",215
Esmeralda,"SUPREME COURT JUSTICE, SEAT F",NONE OF THESE CANDIDATES,122
Esmeralda,"SUPREME COURT JUSTICE, SEAT G","HARTER, MATHEW",163
Esmeralda,"SUPREME COURT JUSTICE, SEAT G",NONE OF THESE CANDIDATES,97
Esmeralda,"SUPREME COURT JUSTICE, SEAT G","STIGLICH, LIDIA (INCUMBENT)",86
Esmeralda,COUNTY ASSESSOR,"LEE, RUTH P. (INCUMBENT)",345
Esmeralda,"COUNTY COMMISSIONER, DISTRICT 1","HIPP, TIMOTHY",101
Esmeralda,"COUNTY COMMISSIONER, DISTRICT 1","STEZAKER, MARK",69
Esmeralda,COUNTY AUDITOR AND RECORDER,"BOYER, VERA (INCUMBENT)",245
Esmeralda,COUNTY AUDITOR AND RECORDER,"HUBER-BETH, PATRICIA ""PATTY""",120
Esmeralda,COUNTY CLERK-TREASURER,"ELGAN, LACINDA ""CINDY"" (INCUMBENT)",324
Esmeralda,DISTRICT ATTORNEY,"GLENNEN, ROBERT E. III (INCUMBENT)",311
Eureka,UNITED STATES SENATOR,"HELLER, DEAN (INCUMBENT)",633
Eureka,UNITED STATES SENATOR,"ROSEN, JACKY",74
Eureka,UNITED STATES SENATOR,NONE OF THESE CANDIDATES,22
Eureka,UNITED STATES SENATOR,"MICHAELS, BARRY",13
Eureka,UNITED STATES SENATOR,"HAGAN, TIM",9
Eureka,UNITED STATES SENATOR,"BAKARI, KAMAU A.",7
Eureka,"U.S. REPRESENTATIVE IN CONGRESS, DIST. 2","AMODEI, MARK E. (INCUMBENT)",658
Eureka,"U.S. REPRESENTATIVE IN CONGRESS, DIST. 2","KOBLE, CLINT",89
Eureka,GOVERNOR,"LAXALT, ADAM PAUL",609
Eureka,GOVERNOR,"SISOLAK, STEVE",61
Eureka,GOVERNOR,"BUNDY, RYAN",47
Eureka,GOVERNOR,NONE OF THESE CANDIDATES,20
Eureka,GOVERNOR,"BEST, RUSSELL",16
Eureka,GOVERNOR,"LORD, JARED",4
Eureka,LIEUTENANT GOVERNOR,"ROBERSON, MICHAEL",567
Eureka,LIEUTENANT GOVERNOR,"MARSHALL, KATE",90
Eureka,LIEUTENANT GOVERNOR,"HANSEN, JANINE",52
Eureka,LIEUTENANT GOVERNOR,NONE OF THESE CANDIDATES,36
Eureka,LIEUTENANT GOVERNOR,"UEHLING, ED",9
Eureka,SECRETARY OF STATE,"CEGAVSKE, BARBARA K. (INCUMBENT)",649
Eureka,SECRETARY OF STATE,"ARAUJO, NELSON",74
Eureka,SECRETARY OF STATE,NONE OF THESE CANDIDATES,33
Eureka,STATE TREASURER,"BEERS, BOB",627
Eureka,STATE TREASURER,"CONINE, ZACH",70
Eureka,STATE TREASURER,"HOGE, BILL",33
Eureka,STATE TREASURER,NONE OF THESE CANDIDATES,22
Eureka,STATE CONTROLLER,"KNECHT, RON (INCUMBENT)",620
Eureka,STATE CONTROLLER,"BYRNE, CATHERINE",95
Eureka,STATE CONTROLLER,NONE OF THESE CANDIDATES,32
Eureka,ATTORNEY GENERAL,"DUNCAN, WES",613
Eureka,ATTORNEY GENERAL,"FORD, AARON",73
Eureka,ATTORNEY GENERAL,"HANSEN, JOEL F.",40
Eureka,ATTORNEY GENERAL,NONE OF THESE CANDIDATES,28
Eureka,"STATE ASSEMBLY, DISTRICT 33","ELLISON, JOHN C. (INCUMBENT)",706
Eureka,"SUPREME COURT JUSTICE, SEAT C","TAO, JERRY",271
Eureka,"SUPREME COURT JUSTICE, SEAT C","CADISH, ELISSA",225
Eureka,"SUPREME COURT JUSTICE, SEAT C",NONE OF THESE CANDIDATES,215
Eureka,"SUPREME COURT JUSTICE, SEAT F","SILVER, ABBI",451
Eureka,"SUPREME COURT JUSTICE, SEAT F",NONE OF THESE CANDIDATES,239
Eureka,"SUPREME COURT JUSTICE, SEAT G","HARTER, MATHEW",307
Eureka,"SUPREME COURT JUSTICE, SEAT G",NONE OF THESE CANDIDATES,214
Eureka,"SUPREME COURT JUSTICE, SEAT G","STIGLICH, LIDIA (INCUMBENT)",184
Eureka,DISTRICT ATTORNEY,"BEUTEL, THEODORE ""TED"" (INCUMBENT)",619
Eureka,COUNTY CLERK RECORDER,"HOEHNE, LISA L.",561
Eureka,COUNTY CLERK RECORDER,"PEARCE, AMANDA JEAN",186
Eureka,COUNTY TREASURER,"CONLEY, BEVERLY (INCUMBENT)",698
Eureka,COUNTY ASSESSOR,"MEARS, MICHAEL A.",696
Eureka,"COUNTY COMMISSIONER, DISTRICT 2","MCKAY, RICH",697
Eureka,"SCHOOL DISTRICT BOARD OF TRUSTEES, SEAT 2A","HICKS, ROBIN (INCUMBENT)",354
Eureka,"SCHOOL DISTRICT BOARD OF TRUSTEES, SEAT 2A","FITZWATER, MELISSA",257
Eureka,"SCHOOL DISTRICT BOARD OF TRUSTEES, SEAT 2A","IZZOLO, JIM",115
Eureka,"SCHOOL DISTRICT BOARD OF TRUSTEES, SEAT 2B","BAUMANN, DARLA R. (INCUMBENT)",379
Eureka,"SCHOOL DISTRICT BOARD OF TRUSTEES, SEAT 2B","ANDERSON, BRANDI",339
Eureka,JUSTICE OF THE PEACE,"ROWLEY, DOROTHY",582
Eureka,JUSTICE OF THE PEACE,"SHARKOZY, MELYNDA",133
Humboldt,UNITED STATES SENATOR,"HELLER, DEAN (INCUMBENT)",4020
Humboldt,UNITED STATES SENATOR,"ROSEN, JACKY",1187
Humboldt,UNITED STATES SENATOR,NONE OF THESE CANDIDATES,139
Humboldt,UNITED STATES SENATOR,"MICHAELS, BARRY",77
Humboldt,UNITED STATES SENATOR,"HAGAN, TIM",71
Humboldt,UNITED STATES SENATOR,"BAKARI, KAMAU A.",51
Humboldt,"U.S. REPRESENTATIVE IN CONGRESS, DIST. 2","AMODEI, MARK E. (INCUMBENT)",4320
Humboldt,"U.S. REPRESENTATIVE IN CONGRESS, DIST. 2","KOBLE, CLINT",1162
Humboldt,GOVERNOR,"LAXALT, ADAM PAUL",4061
Humboldt,GOVERNOR,"SISOLAK, STEVE",1067
Humboldt,GOVERNOR,"BUNDY, RYAN",183
Humboldt,GOVERNOR,NONE OF THESE CANDIDATES,118
Humboldt,GOVERNOR,"BEST, RUSSELL",74
Humboldt,GOVERNOR,"LORD, JARED",40
Humboldt,LIEUTENANT GOVERNOR,"ROBERSON, MICHAEL",3542
Humboldt,LIEUTENANT GOVERNOR,"MARSHALL, KATE",1483
Humboldt,LIEUTENANT GOVERNOR,"HANSEN, JANINE",258
Humboldt,LIEUTENANT GOVERNOR,NONE OF THESE CANDIDATES,156
Humboldt,LIEUTENANT GOVERNOR,"UEHLING, ED",87
Humboldt,SECRETARY OF STATE,"CEGAVSKE, BARBARA K. (INCUMBENT)",4102
Humboldt,SECRETARY OF STATE,"ARAUJO, NELSON",1226
Humboldt,SECRETARY OF STATE,NONE OF THESE CANDIDATES,183
Humboldt,STATE TREASURER,"BEERS, BOB",3988
Humboldt,STATE TREASURER,"CONINE, ZACH",1142
Humboldt,STATE TREASURER,NONE OF THESE CANDIDATES,219
Humboldt,STATE TREASURER,"HOGE, BILL",161
Humboldt,STATE CONTROLLER,"KNECHT, RON (INCUMBENT)",3976
Humboldt,STATE CONTROLLER,"BYRNE, CATHERINE",1306
Humboldt,STATE CONTROLLER,NONE OF THESE CANDIDATES,222
Humboldt,ATTORNEY GENERAL,"DUNCAN, WES",3957
Humboldt,ATTORNEY GENERAL,"FORD, AARON",1085
Humboldt,ATTORNEY GENERAL,"HANSEN, JOEL F.",307
Humboldt,ATTORNEY GENERAL,NONE OF THESE CANDIDATES,167
Humboldt,"STATE SENATE, DISTRICT 14","HANSEN, IRA",4105
Humboldt,"STATE SENATE, DISTRICT 14","BOSZAK, WENDY",1359
Humboldt,"STATE ASSEMBLY, DISTRICT 32","HANSEN, ALEXIS M.",4182
Humboldt,"STATE ASSEMBLY, DISTRICT 32","POVILAITIS, PAULA",1257
Humboldt,"SUPREME COURT JUSTICE, SEAT C","CADISH, ELISSA",1999
Humboldt,"SUPREME COURT JUSTICE, SEAT C","TAO, JERRY",1968
Humboldt,"SUPREME COURT JUSTICE, SEAT C",NONE OF THESE CANDIDATES,1245
Humboldt,"SUPREME COURT JUSTICE, SEAT F","SILVER, ABBI",3691
Humboldt,"SUPREME COURT JUSTICE, SEAT F",NONE OF THESE CANDIDATES,1316
Humboldt,"SUPREME COURT JUSTICE, SEAT G","STIGLICH, LIDIA (INCUMBENT)",2160
Humboldt,"SUPREME COURT JUSTICE, SEAT G","HARTER, MATHEW",1841
Humboldt,"SUPREME COURT JUSTICE, SEAT G",NONE OF THESE CANDIDATES,1204
Humboldt,DISTRICT ATTORNEY,"MACDONALD, MICHAEL",4034
Humboldt,COUNTY ASSESSOR,"JOHNSON, WILLIAM ""JEFF"" (INCUMBENT)",5087
Humboldt,COUNTY CLERK,"SPERO, TAMI RAE (INCUMBENT)",5164
Humboldt,COUNTY TREASURER,"LECUMBERRY, RHONA (INCUMBENT)",5057
Humboldt,COUNTY RECORDER,"ENGSTROM, DEBORAH (INCUMBENT)",5041
Humboldt,"COUNTY COMMISSIONER, SEAT C","CERRI, RONALD L. (INCUMBENT)",5007
Humboldt,"COUNTY COMMISSIONER, SEAT E","FRENCH, JIM (INCUMBENT)",4956
Humboldt,"HUMBOLDT HOSPITAL BOARD DISTRICT TRUSTEE, SEAT B","HUNT, GENE",3039
Humboldt,"HUMBOLDT HOSPITAL BOARD DISTRICT TRUSTEE, SEAT B","MURPHY, JOEL",1792
Humboldt,"SCHOOL DISTRICT BOARD TRUSTEE, SEAT F","ENTWISTLE, CHRISTOPHER R.",2969
Humboldt,"SCHOOL DISTRICT BOARD TRUSTEE, SEAT F","DOUGLAS, BILL",1922
Humboldt,"CITY COUNCIL MEMBER, SEAT 2","MAVITY, THERESA (INCUMBENT)",1536
Humboldt,"CITY COUNCIL MEMBER, SEAT 2","HORKY, GARY",837
Humboldt,"CITY COUNCIL MEMBER, SEAT 4","BILLINGSLEY, JIM",1809
Humboldt,"CITY COUNCIL MEMBER, SEAT 4","BRYANT, FREDRICK",603
Humboldt,CITY OF WINNEMUCCA MAYOR,"STONE, RICH",1414
Humboldt,CITY OF WINNEMUCCA MAYOR,"BROOKS, PAIGE",1049
Humboldt,UNION TOWNSHIP JUSTICE OF THE PEACE,"LOVELESS, JIM",2657
Humboldt,UNION TOWNSHIP JUSTICE OF THE PEACE,"MORGAN, MATT",2467
Lander,UNITED STATES SENATOR,"HELLER, DEAN (INCUMBENT)",1588
Lander,UNITED STATES SENATOR,"ROSEN, JACKY",350
Lander,UNITED STATES SENATOR,NONE OF THESE CANDIDATES,64
Lander,UNITED STATES SENATOR,"HAGAN, TIM",36
Lander,UNITED STATES SENATOR,"MICHAELS, BARRY",30
Lander,UNITED STATES SENATOR,"BAKARI, KAMAU A.",25
Lander,"U.S. REPRESENTATIVE IN CONGRESS, DIST. 2","AMODEI, MARK E. (INCUMBENT)",1692
Lander,"U.S. REPRESENTATIVE IN CONGRESS, DIST. 2","KOBLE, CLINT",376
Lander,GOVERNOR,"LAXALT, ADAM PAUL",1571
Lander,GOVERNOR,"SISOLAK, STEVE",316
Lander,GOVERNOR,"BUNDY, RYAN",100
Lander,GOVERNOR,NONE OF THESE CANDIDATES,57
Lander,GOVERNOR,"BEST, RUSSELL",26
Lander,GOVERNOR,"LORD, JARED",21
Lander,LIEUTENANT GOVERNOR,"ROBERSON, MICHAEL",1425
Lander,LIEUTENANT GOVERNOR,"MARSHALL, KATE",427
Lander,LIEUTENANT GOVERNOR,"HANSEN, JANINE",121
Lander,LIEUTENANT GOVERNOR,NONE OF THESE CANDIDATES,82
Lander,LIEUTENANT GOVERNOR,"UEHLING, ED",35
Lander,SECRETARY OF STATE,"CEGAVSKE, BARBARA K. (INCUMBENT)",1585
Lander,SECRETARY OF STATE,"ARAUJO, NELSON",393
Lander,SECRETARY OF STATE,NONE OF THESE CANDIDATES,112
Lander,STATE TREASURER,"BEERS, BOB",1561
Lander,STATE TREASURER,"CONINE, ZACH",347
Lander,STATE TREASURER,NONE OF THESE CANDIDATES,107
Lander,STATE TREASURER,"HOGE, BILL",72
Lander,STATE CONTROLLER,"KNECHT, RON (INCUMBENT)",1566
Lander,STATE CONTROLLER,"BYRNE, CATHERINE",407
Lander,STATE CONTROLLER,NONE OF THESE CANDIDATES,115
Lander,ATTORNEY GENERAL,"DUNCAN, WES",1528
Lander,ATTORNEY GENERAL,"FORD, AARON",345
Lander,ATTORNEY GENERAL,"HANSEN, JOEL F.",117
Lander,ATTORNEY GENERAL,NONE OF THESE CANDIDATES,94
Lander,"STATE SENATE, DISTRICT 14","HANSEN, IRA",1672
Lander,"STATE SENATE, DISTRICT 14","BOSZAK, WENDY",394
Lander,"STATE ASSEMBLY, DISTRICT 32","HANSEN, ALEXIS M.",1677
Lander,"STATE ASSEMBLY, DISTRICT 32","POVILAITIS, PAULA",382
Lander,"SUPREME COURT JUSTICE, SEAT C","TAO, JERRY",775
Lander,"SUPREME COURT JUSTICE, SEAT C","CADISH, ELISSA",652
Lander,"SUPREME COURT JUSTICE, SEAT C",NONE OF THESE CANDIDATES,576
Lander,"SUPREME COURT JUSTICE, SEAT F","SILVER, ABBI",1386
Lander,"SUPREME COURT JUSTICE, SEAT F",NONE OF THESE CANDIDATES,577
Lander,"SUPREME COURT JUSTICE, SEAT G","HARTER, MATHEW",793
Lander,"SUPREME COURT JUSTICE, SEAT G","STIGLICH, LIDIA (INCUMBENT)",640
Lander,"SUPREME COURT JUSTICE, SEAT G",NONE OF THESE CANDIDATES,556
Lander,COUNTY ASSESSOR,"DUVALL, LURA (INCUMBENT)",1916
Lander,COUNTY CLERK,"SULLIVAN, SADIE (INCUMBENT)",1571
Lander,COUNTY CLERK,"MILLER, LEANN",499
Lander,COUNTY TREASURER,"JOHNSON, JUSDIVIA",1037
Lander,COUNTY TREASURER,"BISIAUX, TINA MARIE",1020
Lander,COUNTY RECORDER,"BUNCH, LESLEY L. (INCUMBENT)",1917
Lander,COUNTY COMMISSIONER DISTRICT 1,"SPARKS, BRYAN",1918
Lander,COUNTY COMMISSIONER DISTRICT 2,"CLARK, ART III (INCUMBENT)",1033
Lander,COUNTY COMMISSIONER DISTRICT 2,"DIMITROFF, HARRY L. SR.",1024
Lander,COUNTY COMMISSIONER DISTRICT 5,"ANCHO, KATHLEEN V.",1392
Lander,COUNTY COMMISSIONER DISTRICT 5,"MORENO, MANUEL II",667
Lander,DISTRICT ATTORNEY,"HERRERA, THEODORE C. (INCUMBENT)",1807
Lander,"JUSTICE OF THE PEACE, ARGENTA","FORTUNE, DENISE",1162
Lander,"JUSTICE OF THE PEACE, ARGENTA","MELVER, TOBY",678
Lander,"JUSTICE OF THE PEACE, AUSTIN","GANDOLFO, BILLY",181
Lincoln,UNITED STATES SENATOR,"HELLER, DEAN (INCUMBENT)",1547
Lincoln,UNITED STATES SENATOR,"ROSEN, JACKY",283
Lincoln,UNITED STATES SENATOR,NONE OF THESE CANDIDATES,62
Lincoln,UNITED STATES SENATOR,"MICHAELS, BARRY",27
Lincoln,UNITED STATES SENATOR,"HAGAN, TIM",21
Lincoln,UNITED STATES SENATOR,"BAKARI, KAMAU A.",10
Lincoln,"U.S. REPRESENTATIVE IN CONGRESS, DIST. 4","HARDY, CRESENT",1538
Lincoln,"U.S. REPRESENTATIVE IN CONGRESS, DIST. 4","HORSFORD, STEVEN A.",304
Lincoln,"U.S. REPRESENTATIVE IN CONGRESS, DIST. 4","SMITH, RODNEY",31
Lincoln,"U.S. REPRESENTATIVE IN CONGRESS, DIST. 4","MCGONIGLE, DEAN",21
Lincoln,"U.S. REPRESENTATIVE IN CONGRESS, DIST. 4","LUCKNER, GREGG",17
Lincoln,"U.S. REPRESENTATIVE IN CONGRESS, DIST. 4","MARKOWITZ, WARREN ROSS",16
Lincoln,GOVERNOR,"LAXALT, ADAM PAUL",1440
Lincoln,GOVERNOR,"SISOLAK, STEVE",266
Lincoln,GOVERNOR,"BUNDY, RYAN",179
Lincoln,GOVERNOR,NONE OF THESE CANDIDATES,37
Lincoln,GOVERNOR,"BEST, RUSSELL",16
Lincoln,GOVERNOR,"LORD, JARED",14
Lincoln,LIEUTENANT GOVERNOR,"ROBERSON, MICHAEL",1327
Lincoln,LIEUTENANT GOVERNOR,"MARSHALL, KATE",323
Lincoln,LIEUTENANT GOVERNOR,"HANSEN, JANINE",167
Lincoln,LIEUTENANT GOVERNOR,NONE OF THESE CANDIDATES,89
Lincoln,LIEUTENANT GOVERNOR,"UEHLING, ED",30
Lincoln,SECRETARY OF STATE,"CEGAVSKE, BARBARA K. (INCUMBENT)",1610
Lincoln,SECRETARY OF STATE,"ARAUJO, NELSON",239
Lincoln,SECRETARY OF STATE,NONE OF THESE CANDIDATES,89
Lincoln,STATE TREASURER,"BEERS, BOB",1514
Lincoln,STATE TREASURER,"CONINE, ZACH",262
Lincoln,STATE TREASURER,NONE OF THESE CANDIDATES,90
Lincoln,STATE TREASURER,"HOGE, BILL",73
Lincoln,STATE CONTROLLER,"KNECHT, RON (INCUMBENT)",1524
Lincoln,STATE CONTROLLER,"BYRNE, CATHERINE",312
Lincoln,STATE CONTROLLER,NONE OF THESE CANDIDATES,101
Lincoln,ATTORNEY GENERAL,"DUNCAN, WES",1491
Lincoln,ATTORNEY GENERAL,"FORD, AARON",265
Lincoln,ATTORNEY GENERAL,"HANSEN, JOEL F.",106
Lincoln,ATTORNEY GENERAL,NONE OF THESE CANDIDATES,78
Lincoln,"STATE ASSEMBLY, DISTRICT 33","ELLISON, JOHN C. (INCUMBENT)",1182
Lincoln,"STATE ASSEMBLY, DISTRICT 36","HOF, DENNIS",462
Lincoln,"STATE ASSEMBLY, DISTRICT 36","ROMANOV, LESIA",124
Lincoln,"SUPREME COURT JUSTICE, SEAT C","TAO, JERRY",681
Lincoln,"SUPREME COURT JUSTICE, SEAT C","CADISH, ELISSA",648
Lincoln,"SUPREME COURT JUSTICE, SEAT C",NONE OF THESE CANDIDATES,492
Lincoln,"SUPREME COURT JUSTICE, SEAT F","SILVER, ABBI",1262
Lincoln,"SUPREME COURT JUSTICE, SEAT F",NONE OF THESE CANDIDATES,482
Lincoln,"SUPREME COURT JUSTICE, SEAT G","HARTER, MATHEW",902
Lincoln,"SUPREME COURT JUSTICE, SEAT G",NONE OF THESE CANDIDATES,467
Lincoln,"SUPREME COURT JUSTICE, SEAT G","STIGLICH, LIDIA (INCUMBENT)",453
Lincoln,DISTRICT ATTORNEY,"FREHNER, DYLAN V.",1758
Lincoln,COUNTY CLERK,"LLOYD, LISA (INCUMBENT)",1825
Lincoln,COUNTY TREASURER,"FREHNER, SHAWN (INCUMBENT)",1806
Lincoln,"COUNTY COMMISSIONER, DISTRICT A - UNEXPIRED TERM","BRACKENBURY, JARED (INCUMBENT)",1751
Lincoln,"COUNTY COMMISSIONER, DISTRICT B","LISTER, BEVAN",1464
Lincoln,"COUNTY COMMISSIONER, DISTRICT B","HIBBLE, RON",454
Lincoln,"COUNTY COMMISSIONER, DISTRICT D","PHILLIPS, KEVIN J. (INCUMBENT)",1656
Lincoln,COUNTY RECORDER-AUDITOR,"ELMER, AMY NICOLE",1097
Lincoln,COUNTY RECORDER-AUDITOR,"MCCLEARY, BOB",823
Lincoln,COUNTY ASSESSOR,"HOLT, MARK (INCUMBENT)",1800
Lincoln,"LINCOLN COUNTY SCHOOL DISTRICT TRUSTEE, DISTRICT B","HANSEN, CAROL J.",1256
Lincoln,"LINCOLN COUNTY SCHOOL DISTRICT TRUSTEE, DISTRICT B","HARR, CAROLYN (INCUMBENT)",576
Lincoln,"JUSTICE OF THE PEACE, MEADOW VALLEY","COWLEY, MIKE D. (INCUMBENT)",847
Lincoln,"JUSTICE OF THE PEACE, MEADOW VALLEY","CHILDERS, JEFF",524
Lincoln,SHERIFF,"LEE, KERRY D. (INCUMBENT)",1376
Lincoln,SHERIFF,"SCHIMBECK, EVAN W.",549
Lyon,UNITED STATES SENATOR,"HELLER, DEAN (INCUMBENT)",14296
Lyon,UNITED STATES SENATOR,"ROSEN, JACKY",5526
Lyon,UNITED STATES SENATOR,NONE OF THESE CANDIDATES,406
Lyon,UNITED STATES SENATOR,"MICHAELS, BARRY",282
Lyon,UNITED STATES SENATOR,"HAGAN, TIM",257
Lyon,UNITED STATES SENATOR,"BAKARI, KAMAU A.",157
Lyon,"U.S. REPRESENTATIVE IN CONGRESS, DIST. 2","AMODEI, MARK E. (INCUMBENT)",11991
Lyon,"U.S. REPRESENTATIVE IN CONGRESS, DIST. 2","KOBLE, CLINT",4644
Lyon,"U.S. REPRESENTATIVE IN CONGRESS, DIST. 4","HARDY, CRESENT",2976
Lyon,"U.S. REPRESENTATIVE IN CONGRESS, DIST. 4","HORSFORD, STEVEN A.",879
Lyon,"U.S. REPRESENTATIVE IN CONGRESS, DIST. 4","SMITH, RODNEY",66
Lyon,"U.S. REPRESENTATIVE IN CONGRESS, DIST. 4","LUCKNER, GREGG",47
Lyon,"U.S. REPRESENTATIVE IN CONGRESS, DIST. 4","MARKOWITZ, WARREN ROSS",41
Lyon,"U.S. REPRESENTATIVE IN CONGRESS, DIST. 4","MCGONIGLE, DEAN",40
Lyon,GOVERNOR,"LAXALT, ADAM PAUL",14211
Lyon,GOVERNOR,"SISOLAK, STEVE",5267
Lyon,GOVERNOR,"BUNDY, RYAN",551
Lyon,GOVERNOR,NONE OF THESE CANDIDATES,401
Lyon,GOVERNOR,"BEST, RUSSELL",276
Lyon,GOVERNOR,"LORD, JARED",207
Lyon,LIEUTENANT GOVERNOR,"ROBERSON, MICHAEL",13245
Lyon,LIEUTENANT GOVERNOR,"MARSHALL, KATE",6093
Lyon,LIEUTENANT GOVERNOR,"HANSEN, JANINE",743
Lyon,LIEUTENANT GOVERNOR,NONE OF THESE CANDIDATES,475
Lyon,LIEUTENANT GOVERNOR,"UEHLING, ED",270
Lyon,SECRETARY OF STATE,"CEGAVSKE, BARBARA K. (INCUMBENT)",14513
Lyon,SECRETARY OF STATE,"ARAUJO, NELSON",5648
Lyon,SECRETARY OF STATE,NONE OF THESE CANDIDATES,606
Lyon,STATE TREASURER,"BEERS, BOB",14170
Lyon,STATE TREASURER,"CONINE, ZACH",5320
Lyon,STATE TREASURER,"HOGE, BILL",634
Lyon,STATE TREASURER,NONE OF THESE CANDIDATES,624
Lyon,STATE CONTROLLER,"KNECHT, RON (INCUMBENT)",14392
Lyon,STATE CONTROLLER,"BYRNE, CATHERINE",5708
Lyon,STATE CONTROLLER,NONE OF THESE CANDIDATES,668
Lyon,ATTORNEY GENERAL,"DUNCAN, WES",14351
Lyon,ATTORNEY GENERAL,"FORD, AARON",4940
Lyon,ATTORNEY GENERAL,"HANSEN, JOEL F.",952
Lyon,ATTORNEY GENERAL,NONE OF THESE CANDIDATES,550
Lyon,"STATE SENATE, DISTRICT 17","SETTELMEYER, JAMES ARNOLD (INCUMBENT)",14872
Lyon,"STATE SENATE, DISTRICT 17","CANNON, CURTIS W.",5737
Lyon,"STATE ASSEMBLY, DISTRICT 38","TITUS, ROBIN L. (INCUMBENT)",13034
Lyon,"STATE ASSEMBLY, DISTRICT 39","WHEELER, JIM (INCUMBENT)",3995
Lyon,"STATE ASSEMBLY, DISTRICT 39","ACKERMAN, PATRICIA",1918
Lyon,"STATE ASSEMBLY, DISTRICT 39","CWALINA, PAUL",114
Lyon,"SUPREME COURT JUSTICE, SEAT C","CADISH, ELISSA",8214
Lyon,"SUPREME COURT JUSTICE, SEAT C","TAO, JERRY",7065
Lyon,"SUPREME COURT JUSTICE, SEAT C",NONE OF THESE CANDIDATES,4151
Lyon,"SUPREME COURT JUSTICE, SEAT F","SILVER, ABBI",13939
Lyon,"SUPREME COURT JUSTICE, SEAT F",NONE OF THESE CANDIDATES,4809
Lyon,"SUPREME COURT JUSTICE, SEAT G","STIGLICH, LIDIA (INCUMBENT)",8580
Lyon,"SUPREME COURT JUSTICE, SEAT G","HARTER, MATHEW",6848
Lyon,"SUPREME COURT JUSTICE, SEAT G",NONE OF THESE CANDIDATES,3947
Lyon,DISTRICT ATTORNEY,"RYE, STEPHEN B. (INCUMBENT)",17886
Lyon,COUNTY CLERK-TREASURER,"BRYAN, NIKKI (INCUMBENT)",18372
Lyon,COUNTY RECORDER,"KASSEBAUM, MARGIE",14833
Lyon,COUNTY RECORDER,"CULLEN, BRENDA K.",4835
Lyon,COUNTY ASSESSOR,"VILLINES, TROY R. (INCUMBENT)",18021
Lyon,"COUNTY COMMISSIONER, DISTRICT 2","KELLER, VIDA D.",17588
Lyon,"COUNTY COMMISSIONER, DISTRICT 5","HUNEWILL, GREG (INCUMBENT)",17909
Lyon,NORTH LYON COUNTY FIRE PROTECTION DIRECTORS,"JOHNSON, MATT",3114
Lyon,NORTH LYON COUNTY FIRE PROTECTION DIRECTORS,"HICKS, TERRIN",2533
Lyon,NORTH LYON COUNTY FIRE PROTECTION DIRECTORS,"MURPHY, CHRIS",2044
Lyon,NORTH LYON COUNTY FIRE PROTECTION DIRECTORS,"SEIDL, SUE",1966
Lyon,"LYON COUNTY SCHOOL DISTRICT TRUSTEES, DISTRICT 4 - SILVER SPRINGS/STAGECOACH","JONES, BARBARA JEAN",9726
Lyon,"LYON COUNTY SCHOOL DISTRICT TRUSTEES, DISTRICT 4 - SILVER SPRINGS/STAGECOACH","AVEIRO, CASSANDRA",7576
Lyon,SILVER SPRINGS/STAGECOACH HOSPITAL TRUSTEES,"MCINTOSH, KATHY",1430
Lyon,SILVER SPRINGS/STAGECOACH HOSPITAL TRUSTEES,"KENNEDY, CHARLES ""CHUCK""",1105
Lyon,SILVER SPRINGS/STAGECOACH HOSPITAL TRUSTEES,"NORRIS, ALICIA",808
Lyon,SILVER SPRINGS/STAGECOACH HOSPITAL TRUSTEES,"MONIZ, AVIS",368
Lyon,SHERIFF,"HUNEWILL, FRANK",10119
Lyon,SHERIFF,"MCNEIL, AL (INCUMBENT)",9263
Lyon,"CITY COUNCIL, WARD 1, CITY OF FERNLEY","LACY, RAY",660
Lyon,"CITY COUNCIL, WARD 1, CITY OF FERNLEY","WHALEN, SHARI L. (INCUMBENT)",539
Lyon,"JUSTICE OF THE PEACE, WALKER RIVER TOWNSHIP","KASSEBAUM, DOUGLAS ""DOUG""",3332
Lyon,"JUSTICE OF THE PEACE, WALKER RIVER TOWNSHIP","SMITH, CARY ""RICK""",2255
Mineral,UNITED STATES SENATOR,"HELLER, DEAN (INCUMBENT)",1056
Mineral,UNITED STATES SENATOR,"ROSEN, JACKY",570
Mineral,UNITED STATES SENATOR,NONE OF THESE CANDIDATES,90
Mineral,UNITED STATES SENATOR,"MICHAELS, BARRY",40
Mineral,UNITED STATES SENATOR,"HAGAN, TIM",37
Mineral,UNITED STATES SENATOR,"BAKARI, KAMAU A.",17
Mineral,"U.S. REPRESENTATIVE IN CONGRESS, DIST. 4","HARDY, CRESENT",1006
Mineral,"U.S. REPRESENTATIVE IN CONGRESS, DIST. 4","HORSFORD, STEVEN A.",646
Mineral,"U.S. REPRESENTATIVE IN CONGRESS, DIST. 4","SMITH, RODNEY",46
Mineral,"U.S. REPRESENTATIVE IN CONGRESS, DIST. 4","MCGONIGLE, DEAN",31
Mineral,"U.S. REPRESENTATIVE IN CONGRESS, DIST. 4","MARKOWITZ, WARREN ROSS",22
Mineral,"U.S. REPRESENTATIVE IN CONGRESS, DIST. 4","LUCKNER, GREGG",20
Mineral,GOVERNOR,"LAXALT, ADAM PAUL",1067
Mineral,GOVERNOR,"SISOLAK, STEVE",540
Mineral,GOVERNOR,NONE OF THESE CANDIDATES,78
Mineral,GOVERNOR,"BUNDY, RYAN",64
Mineral,GOVERNOR,"BEST, RUSSELL",34
Mineral,GOVERNOR,"LORD, JARED",26
Mineral,LIEUTENANT GOVERNOR,"ROBERSON, MICHAEL",904
Mineral,LIEUTENANT GOVERNOR,"MARSHALL, KATE",687
Mineral,LIEUTENANT GOVERNOR,"HANSEN, JANINE",94
Mineral,LIEUTENANT GOVERNOR,NONE OF THESE CANDIDATES,83
Mineral,LIEUTENANT GOVERNOR,"UEHLING, ED",32
Mineral,SECRETARY OF STATE,"CEGAVSKE, BARBARA K. (INCUMBENT)",1067
Mineral,SECRETARY OF STATE,"ARAUJO, NELSON",617
Mineral,SECRETARY OF STATE,NONE OF THESE CANDIDATES,110
Mineral,STATE TREASURER,"BEERS, BOB",1036
Mineral,STATE TREASURER,"CONINE, ZACH",563
Mineral,STATE TREASURER,NONE OF THESE CANDIDATES,121
Mineral,STATE TREASURER,"HOGE, BILL",75
Mineral,STATE CONTROLLER,"KNECHT, RON (INCUMBENT)",1012
Mineral,STATE CONTROLLER,"BYRNE, CATHERINE",637
Mineral,STATE CONTROLLER,NONE OF THESE CANDIDATES,132
Mineral,ATTORNEY GENERAL,"DUNCAN, WES",1009
Mineral,ATTORNEY GENERAL,"FORD, AARON",549
Mineral,ATTORNEY GENERAL,"HANSEN, JOEL F.",130
Mineral,ATTORNEY GENERAL,NONE OF THESE CANDIDATES,116
Mineral,"STATE SENATE, DISTRICT 14","HANSEN, IRA",1115
Mineral,"STATE SENATE, DISTRICT 14","BOSZAK, WENDY",660
Mineral,"STATE ASSEMBLY, DISTRICT 32","HANSEN, ALEXIS M.",1143
Mineral,"STATE ASSEMBLY, DISTRICT 32","POVILAITIS, PAULA",632
Mineral,"SUPREME COURT JUSTICE, SEAT C","CADISH, ELISSA",720
Mineral,"SUPREME COURT JUSTICE, SEAT C","TAO, JERRY",514
Mineral,"SUPREME COURT JUSTICE, SEAT C",NONE OF THESE CANDIDATES,482
Mineral,"SUPREME COURT JUSTICE, SEAT F","SILVER, ABBI",1136
Mineral,"SUPREME COURT JUSTICE, SEAT F",NONE OF THESE CANDIDATES,530
Mineral,"SUPREME COURT JUSTICE, SEAT G","STIGLICH, LIDIA (INCUMBENT)",747
Mineral,"SUPREME COURT JUSTICE, SEAT G","HARTER, MATHEW",498
Mineral,"SUPREME COURT JUSTICE, SEAT G",NONE OF THESE CANDIDATES,470
Mineral,DISTRICT ATTORNEY,"ROWE, SEAN ALDEN (INCUMBENT)",1456
Mineral,PUBLIC ADMINISTRATOR,"CICHOWLAZ, BETH (INCUMBENT)",1542
Mineral,COUNTY CLERK-TREASURER,"NEPPER, CHRISTOPHER (INCUMBENT)",1529
Mineral,COUNTY ASSESSOR,"CHISUM, KEVIN B. (INCUMBENT)",1105
Mineral,COUNTY ASSESSOR,"CLARK, JANEEN",683
Mineral,COUNTY RECORDER-AUDITOR,"NIXON, CINDY",928
Mineral,COUNTY RECORDER-AUDITOR,"OBERHANSLI, DONNA",870
Mineral,COUNTY COMMISSIONER SEAT C,"HOFERER, CHRISTINE",1058
Mineral,COUNTY COMMISSIONER SEAT C,"GUSS, MICHAEL",662
Mineral,COUNTY COMMISSIONER SEAT C,"WILLIAMS, NORMAN E.",75
Mineral,MINERAL COUNTY SCHOOL BOARD TRUSTEE (INSIDE-4 YEAR TERM),"NEVILLE, KEITH E.",974
Mineral,MINERAL COUNTY SCHOOL BOARD TRUSTEE (INSIDE-4 YEAR TERM),"ZIEGLER, DAVID",736
Mineral,SHERIFF,"ADAMS, RANDY (INCUMBENT)",1142
Mineral,SHERIFF,"PERRY, EARL WILLIAM",589
Mineral,"JUSTICE OF THE PEACE, HAWTHORNE TOWNSHIP","JAMES, MIKE",926
Mineral,"JUSTICE OF THE PEACE, HAWTHORNE TOWNSHIP","REED, PAULA JOE",797
Nye,UNITED STATES SENATOR,"HELLER, DEAN (INCUMBENT)",11395
Nye,UNITED STATES SENATOR,"ROSEN, JACKY",4887
Nye,UNITED STATES SENATOR,NONE OF THESE CANDIDATES,435
Nye,UNITED STATES SENATOR,"HAGAN, TIM",284
Nye,UNITED STATES SENATOR,"MICHAELS, BARRY",278
Nye,UNITED STATES SENATOR,"BAKARI, KAMAU A.",221
Nye,"U.S. REPRESENTATIVE IN CONGRESS, DIST. 4","HARDY, CRESENT",11158
Nye,"U.S. REPRESENTATIVE IN CONGRESS, DIST. 4","HORSFORD, STEVEN A.",4959
Nye,"U.S. REPRESENTATIVE IN CONGRESS, DIST. 4","MARKOWITZ, WARREN ROSS",439
Nye,"U.S. REPRESENTATIVE IN CONGRESS, DIST. 4","LUCKNER, GREGG",270
Nye,"U.S. REPRESENTATIVE IN CONGRESS, DIST. 4","SMITH, RODNEY",261
Nye,"U.S. REPRESENTATIVE IN CONGRESS, DIST. 4","MCGONIGLE, DEAN",237
Nye,GOVERNOR,"LAXALT, ADAM PAUL",11103
Nye,GOVERNOR,"SISOLAK, STEVE",4607
Nye,GOVERNOR,"BUNDY, RYAN",991
Nye,GOVERNOR,NONE OF THESE CANDIDATES,329
Nye,GOVERNOR,"BEST, RUSSELL",299
Nye,GOVERNOR,"LORD, JARED",165
Nye,LIEUTENANT GOVERNOR,"ROBERSON, MICHAEL",10733
Nye,LIEUTENANT GOVERNOR,"MARSHALL, KATE",4959
Nye,LIEUTENANT GOVERNOR,"HANSEN, JANINE",898
Nye,LIEUTENANT GOVERNOR,NONE OF THESE CANDIDATES,526
Nye,LIEUTENANT GOVERNOR,"UEHLING, ED",315
Nye,SECRETARY OF STATE,"CEGAVSKE, BARBARA K. (INCUMBENT)",12212
Nye,SECRETARY OF STATE,"ARAUJO, NELSON",4529
Nye,SECRETARY OF STATE,NONE OF THESE CANDIDATES,647
Nye,STATE TREASURER,"BEERS, BOB",11692
Nye,STATE TREASURER,"CONINE, ZACH",4597
Nye,STATE TREASURER,"HOGE, BILL",625
Nye,STATE TREASURER,NONE OF THESE CANDIDATES,482
Nye,STATE CONTROLLER,"KNECHT, RON (INCUMBENT)",11644
Nye,STATE CONTROLLER,"BYRNE, CATHERINE",5080
Nye,STATE CONTROLLER,NONE OF THESE CANDIDATES,627
Nye,ATTORNEY GENERAL,"DUNCAN, WES",11492
Nye,ATTORNEY GENERAL,"FORD, AARON",4521
Nye,ATTORNEY GENERAL,"HANSEN, JOEL F.",931
Nye,ATTORNEY GENERAL,NONE OF THESE CANDIDATES,477
Nye,"STATE SENATE, DISTRICT 14","HANSEN, IRA",811
Nye,"STATE SENATE, DISTRICT 14","BOSZAK, WENDY",207
Nye,"STATE ASSEMBLY, DISTRICT 32","HANSEN, ALEXIS M.",831
Nye,"STATE ASSEMBLY, DISTRICT 32","POVILAITIS, PAULA",188
Nye,"STATE ASSEMBLY, DISTRICT 36","HOF, DENNIS",11166
Nye,"STATE ASSEMBLY, DISTRICT 36","ROMANOV, LESIA",5012
Nye,"SUPREME COURT JUSTICE, SEAT C","CADISH, ELISSA",6942
Nye,"SUPREME COURT JUSTICE, SEAT C","TAO, JERRY",6126
Nye,"SUPREME COURT JUSTICE, SEAT C",NONE OF THESE CANDIDATES,3461
Nye,"SUPREME COURT JUSTICE, SEAT F","SILVER, ABBI",11810
Nye,"SUPREME COURT JUSTICE, SEAT F",NONE OF THESE CANDIDATES,4269
Nye,"SUPREME COURT JUSTICE, SEAT G","STIGLICH, LIDIA (INCUMBENT)",6405
Nye,"SUPREME COURT JUSTICE, SEAT G","HARTER, MATHEW",6402
Nye,"SUPREME COURT JUSTICE, SEAT G",NONE OF THESE CANDIDATES,3590
Nye,DISTRICT ATTORNEY,"ARABIA, CHRIS",12353
Nye,DISTRICT ATTORNEY,"DEL VECCHIO, NICHOLAS ANTHONY",4868
Nye,COUNTY ASSESSOR,"STRINGER, SHEREE (INCUMBENT)",12796
Nye,COUNTY ASSESSOR,"ALBERTI, ANDY",4150
Nye,PUBLIC ADMINISTRATOR,"STUMNE, GINGER L.",15112
Nye,COUNTY RECORDER,"BEATTY, DEBORAH (INCUMBENT)",12986
Nye,COUNTY RECORDER,"NOYES, MICHAEL S.",3855
Nye,COUNTY COMMISSIONER DISTRICT IV,"BLUNDO, LEO",2492
Nye,COUNTY COMMISSIONER DISTRICT IV,"GOLDSTEIN, RICHARD",1161
Nye,COUNTY COMMISSIONER DISTRICT V,"STRICKLAND, DEBRA",3777
Nye,COUNTY CLERK,"MERLINO, SANDRA ""SAM"" (INCUMBENT)",12796
Nye,COUNTY CLERK,"WINN, SHEILA",4155
Nye,COUNTY TREASURER,"WEBSTER, PAM",11896
Nye,COUNTY TREASURER,"SCHAUS, LANCE ROY",4902
Nye,NORTHERN NYE COUNTY HOSPITAL DISTRICT BOARD OF TRUSTEES 4 YEAR TERM,"KAMINSKI, DON",740
Nye,NORTHERN NYE COUNTY HOSPITAL DISTRICT BOARD OF TRUSTEES 4 YEAR TERM,"ZIMMERMAN, JUSTIN B.",712
Nye,NORTHERN NYE COUNTY HOSPITAL DISTRICT BOARD OF TRUSTEES 4 YEAR TERM,"KOSCIK, TIMAREE",569
Nye,NORTHERN NYE COUNTY HOSPITAL DISTRICT BOARD OF TRUSTEES 4 YEAR TERM,"CARLYLE, HORACE H.",262
Nye,COUNTY SCHOOL BOARD TRUSTEES AREA III,"OWENS, MARK",1331
Nye,COUNTY SCHOOL BOARD TRUSTEES AREA III,"RUST, DONALD E.",642
Nye,COUNTY SCHOOL BOARD TRUSTEES AREA V,"HASTINGS, SEAN C.",1913
Nye,COUNTY SCHOOL BOARD TRUSTEES AREA V,"YAZZIE, TAWNA",864
Nye,SHERIFF,"WEHRLY, SHARON A. (INCUMBENT)",8767
Nye,SHERIFF,"DEMEO, TONY",8130
Nye,"JUSTICE OF THE PEACE PAHRUMP, DEPARTMENT 1","CHAMLEE, LISA",8783
Nye,"JUSTICE OF THE PEACE PAHRUMP, DEPARTMENT 1","CARBONE, FRANK",5615
Pershing,UNITED STATES SENATOR,"HELLER, DEAN (INCUMBENT)",1271
Pershing,UNITED STATES SENATOR,"ROSEN, JACKY",398
Pershing,UNITED STATES SENATOR,NONE OF THESE CANDIDATES,39
Pershing,UNITED STATES SENATOR,"MICHAELS, BARRY",26
Pershing,UNITED STATES SENATOR,"HAGAN, TIM",19
Pershing,UNITED STATES SENATOR,"BAKARI, KAMAU A.",11
Pershing,"U.S. REPRESENTATIVE IN CONGRESS, DIST. 2","AMODEI, MARK E. (INCUMBENT)",1369
Pershing,"U.S. REPRESENTATIVE IN CONGRESS, DIST. 2","KOBLE, CLINT",377
Pershing,GOVERNOR,"LAXALT, ADAM PAUL",1255
Pershing,GOVERNOR,"SISOLAK, STEVE",360
Pershing,GOVERNOR,"BUNDY, RYAN",80
Pershing,GOVERNOR,NONE OF THESE CANDIDATES,38
Pershing,GOVERNOR,"BEST, RUSSELL",19
Pershing,GOVERNOR,"LORD, JARED",12
Pershing,LIEUTENANT GOVERNOR,"ROBERSON, MICHAEL",1062
Pershing,LIEUTENANT GOVERNOR,"MARSHALL, KATE",514
Pershing,LIEUTENANT GOVERNOR,"HANSEN, JANINE",103
Pershing,LIEUTENANT GOVERNOR,NONE OF THESE CANDIDATES,51
Pershing,LIEUTENANT GOVERNOR,"UEHLING, ED",26
Pershing,SECRETARY OF STATE,"CEGAVSKE, BARBARA K. (INCUMBENT)",1262
Pershing,SECRETARY OF STATE,"ARAUJO, NELSON",432
Pershing,SECRETARY OF STATE,NONE OF THESE CANDIDATES,61
Pershing,STATE TREASURER,"BEERS, BOB",1228
Pershing,STATE TREASURER,"CONINE, ZACH",367
Pershing,STATE TREASURER,NONE OF THESE CANDIDATES,89
Pershing,STATE TREASURER,"HOGE, BILL",64
Pershing,STATE CONTROLLER,"KNECHT, RON (INCUMBENT)",1213
Pershing,STATE CONTROLLER,"BYRNE, CATHERINE",438
Pershing,STATE CONTROLLER,NONE OF THESE CANDIDATES,101
Pershing,ATTORNEY GENERAL,"DUNCAN, WES",1249
Pershing,ATTORNEY GENERAL,"FORD, AARON",346
Pershing,ATTORNEY GENERAL,"HANSEN, JOEL F.",101
Pershing,ATTORNEY GENERAL,NONE OF THESE CANDIDATES,60
Pershing,"STATE SENATE, DISTRICT 14","HANSEN, IRA",1315
Pershing,"STATE SENATE, DISTRICT 14","BOSZAK, WENDY",422
Pershing,"STATE ASSEMBLY, DISTRICT 32","HANSEN, ALEXIS M.",1301
Pershing,"STATE ASSEMBLY, DISTRICT 32","POVILAITIS, PAULA",429
Pershing,"SUPREME COURT JUSTICE, SEAT C","CADISH, ELISSA",635
Pershing,"SUPREME COURT JUSTICE, SEAT C","TAO, JERRY",620
Pershing,"SUPREME COURT JUSTICE, SEAT C",NONE OF THESE CANDIDATES,394
Pershing,"SUPREME COURT JUSTICE, SEAT F","SILVER, ABBI",1132
Pershing,"SUPREME COURT JUSTICE, SEAT F",NONE OF THESE CANDIDATES,456
Pershing,"SUPREME COURT JUSTICE, SEAT G","STIGLICH, LIDIA (INCUMBENT)",732
Pershing,"SUPREME COURT JUSTICE, SEAT G","HARTER, MATHEW",529
Pershing,"SUPREME COURT JUSTICE, SEAT G",NONE OF THESE CANDIDATES,386
Pershing,COUNTY ASSESSOR,"BASSO-CERINI, LAUREEN E. (INCUMBENT)",1593
Pershing,COUNTY CLERK-TREASURER,"DONALDSON, LACEY (INCUMBENT)",1385
Pershing,"COUNTY COMMISSIONER, SEAT C","SHANK, CAROL A. (INCUMBENT)",1078
Pershing,"COUNTY COMMISSIONER, SEAT C","BERGE, KRISTY",661
Pershing,DISTRICT ATTORNEY,"SHIELDS, R. BRYCE (INCUMBENT)",1575
Pershing,PUBLIC ADMINISTRATOR,"KEARNS, JEFFREY (INCUMBENT)",1576
Pershing,COUNTY RECORDER-AUDITOR,"CHILDS, RENE M. (INCUMBENT)",1612
Pershing,"SCHOOL DISTRICT BOARD OF TRUSTEES, SEAT C","PLUMMER, CINDY",924
Pershing,"SCHOOL DISTRICT BOARD OF TRUSTEES, SEAT C","RACKLEY, BARBARA",665
Storey,UNITED STATES SENATOR,"HELLER, DEAN (INCUMBENT)",1495
Storey,UNITED STATES SENATOR,"ROSEN, JACKY",724
Storey,UNITED STATES SENATOR,NONE OF THESE CANDIDATES,51
Storey,UNITED STATES SENATOR,"MICHAELS, BARRY",32
Storey,UNITED STATES SENATOR,"HAGAN, TIM",32
Storey,UNITED STATES SENATOR,"BAKARI, KAMAU A.",26
Storey,"U.S. REPRESENTATIVE IN CONGRESS, DIST. 2","AMODEI, MARK E. (INCUMBENT)",1608
Storey,"U.S. REPRESENTATIVE IN CONGRESS, DIST. 2","KOBLE, CLINT",722
Storey,GOVERNOR,"LAXALT, ADAM PAUL",1476
Storey,GOVERNOR,"SISOLAK, STEVE",721
Storey,GOVERNOR,"BUNDY, RYAN",61
Storey,GOVERNOR,NONE OF THESE CANDIDATES,40
Storey,GOVERNOR,"BEST, RUSSELL",34
Storey,GOVERNOR,"LORD, JARED",27
Storey,LIEUTENANT GOVERNOR,"ROBERSON, MICHAEL",1351
Storey,LIEUTENANT GOVERNOR,"MARSHALL, KATE",818
Storey,LIEUTENANT GOVERNOR,"HANSEN, JANINE",108
Storey,LIEUTENANT GOVERNOR,NONE OF THESE CANDIDATES,45
Storey,LIEUTENANT GOVERNOR,"UEHLING, ED",32
Storey,SECRETARY OF STATE,"CEGAVSKE, BARBARA K. (INCUMBENT)",1561
Storey,SECRETARY OF STATE,"ARAUJO, NELSON",727
Storey,SECRETARY OF STATE,NONE OF THESE CANDIDATES,66
Storey,STATE TREASURER,"BEERS, BOB",1503
Storey,STATE TREASURER,"CONINE, ZACH",688
Storey,STATE TREASURER,"HOGE, BILL",78
Storey,STATE TREASURER,NONE OF THESE CANDIDATES,73
Storey,STATE CONTROLLER,"KNECHT, RON (INCUMBENT)",1529
Storey,STATE CONTROLLER,"BYRNE, CATHERINE",746
Storey,STATE CONTROLLER,NONE OF THESE CANDIDATES,72
Storey,ATTORNEY GENERAL,"DUNCAN, WES",1469
Storey,ATTORNEY GENERAL,"FORD, AARON",665
Storey,ATTORNEY GENERAL,"HANSEN, JOEL F.",113
Storey,ATTORNEY GENERAL,NONE OF THESE CANDIDATES,98
Storey,"STATE SENATE, DISTRICT 17","SETTELMEYER, JAMES ARNOLD (INCUMBENT)",1569
Storey,"STATE SENATE, DISTRICT 17","CANNON, CURTIS W.",761
Storey,"STATE ASSEMBLY, DISTRICT 39","WHEELER, JIM (INCUMBENT)",1491
Storey,"STATE ASSEMBLY, DISTRICT 39","ACKERMAN, PATRICIA",783
Storey,"STATE ASSEMBLY, DISTRICT 39","CWALINA, PAUL",60
Storey,"SUPREME COURT JUSTICE, SEAT C","CADISH, ELISSA",922
Storey,"SUPREME COURT JUSTICE, SEAT C","TAO, JERRY",787
Storey,"SUPREME COURT JUSTICE, SEAT C",NONE OF THESE CANDIDATES,499
Storey,"SUPREME COURT JUSTICE, SEAT F","SILVER, ABBI",1549
Storey,"SUPREME COURT JUSTICE, SEAT F",NONE OF THESE CANDIDATES,586
Storey,"SUPREME COURT JUSTICE, SEAT G","STIGLICH, LIDIA (INCUMBENT)",1006
Storey,"SUPREME COURT JUSTICE, SEAT G","HARTER, MATHEW",706
Storey,"SUPREME COURT JUSTICE, SEAT G",NONE OF THESE CANDIDATES,484
Storey,DISTRICT ATTORNEY,"LANGER, ANNE (INCUMBENT)",1965
Storey,"COUNTY COMMISSIONER, DISTRICT 2","CARMONA, JAY",1427
Storey,"COUNTY COMMISSIONER, DISTRICT 2","BARDE, NICOLE",883
Storey,COUNTY CLERK-TREASURER,"STEPHENS, VANESSA (INCUMBENT)",2061
Storey,COUNTY RECORDER,"CHAPMAN, JEN (INCUMBENT)",2052
Storey,COUNTY ASSESSOR,"SEDDON, JANA (INCUMBENT)",2029
Storey,"SCHOOL BOARD, SEAT 2-A","NEVIN, JEFFREY M.",1173
Storey,"SCHOOL BOARD, SEAT 2-A","TOLL, SAM",974
Washoe,UNITED STATES SENATOR,"ROSEN, JACKY",93823
Washoe,UNITED STATES SENATOR,"HELLER, DEAN (INCUMBENT)",86983
Washoe,UNITED STATES SENATOR,NONE OF THESE CANDIDATES,2829
Washoe,UNITED STATES SENATOR,"HAGAN, TIM",1715
Washoe,UNITED STATES SENATOR,"MICHAELS, BARRY",1682
Washoe,UNITED STATES SENATOR,"BAKARI, KAMAU A.",1184
Washoe,"U.S. REPRESENTATIVE IN CONGRESS, DIST. 2","AMODEI, MARK E. (INCUMBENT)",94857
Washoe,"U.S. REPRESENTATIVE IN CONGRESS, DIST. 2","KOBLE, CLINT",90700
Washoe,GOVERNOR,"SISOLAK, STEVE",91683
Washoe,GOVERNOR,"LAXALT, ADAM PAUL",87225
Washoe,GOVERNOR,NONE OF THESE CANDIDATES,3668
Washoe,GOVERNOR,"BEST, RUSSELL",1961
Washoe,GOVERNOR,"LORD, JARED",1816
Washoe,GOVERNOR,"BUNDY, RYAN",1742
Washoe,LIEUTENANT GOVERNOR,"MARSHALL, KATE",95212
Washoe,LIEUTENANT GOVERNOR,"ROBERSON, MICHAEL",80796
Washoe,LIEUTENANT GOVERNOR,"HANSEN, JANINE",4977
Washoe,LIEUTENANT GOVERNOR,NONE OF THESE CANDIDATES,4162
Washoe,LIEUTENANT GOVERNOR,"UEHLING, ED",1626
Washoe,SECRETARY OF STATE,"CEGAVSKE, BARBARA K. (INCUMBENT)",91786
Washoe,SECRETARY OF STATE,"ARAUJO, NELSON",90348
Washoe,SECRETARY OF STATE,NONE OF THESE CANDIDATES,4872
Washoe,STATE TREASURER,"BEERS, BOB",88548
Washoe,STATE TREASURER,"CONINE, ZACH",86747
Washoe,STATE TREASURER,NONE OF THESE CANDIDATES,5824
Washoe,STATE TREASURER,"HOGE, BILL",5206
Washoe,STATE CONTROLLER,"BYRNE, CATHERINE",91764
Washoe,STATE CONTROLLER,"KNECHT, RON (INCUMBENT)",88076
Washoe,STATE CONTROLLER,NONE OF THESE CANDIDATES,6313
Washoe,ATTORNEY GENERAL,"DUNCAN, WES",89825
Washoe,ATTORNEY GENERAL,"FORD, AARON",83969
Washoe,ATTORNEY GENERAL,"HANSEN, JOEL F.",7586
Washoe,ATTORNEY GENERAL,NONE OF THESE CANDIDATES,5481
Washoe,"STATE SENATE, DISTRICT 13","RATTI, JULIA (INCUMBENT)",27078
Washoe,"STATE SENATE, DISTRICT 13","YOUNG, CHARLENE Y.",11415
Washoe,"STATE SENATE, DISTRICT 14","HANSEN, IRA",23604
Washoe,"STATE SENATE, DISTRICT 14","BOSZAK, WENDY",18347
Washoe,"STATE SENATE, DISTRICT 16","KIECKHEFER, BEN (INCUMBENT)",23813
Washoe,"STATE SENATE, DISTRICT 16","DAVIS-HERSEY, TINA",17644
Washoe,"STATE SENATE, DISTRICT 16","WAGNER, JOHN",1241
Washoe,"STATE ASSEMBLY, DISTRICT 24","PETERS, SARAH",16629
Washoe,"STATE ASSEMBLY, DISTRICT 25","TOLLES, JILL (INCUMBENT)",20382
Washoe,"STATE ASSEMBLY, DISTRICT 25","SHORTS, GREGORY J.",14157
Washoe,"STATE ASSEMBLY, DISTRICT 26","KRASNER, LISA (INCUMBENT)",20951
Washoe,"STATE ASSEMBLY, DISTRICT 26","JOSEPH, JUNE",15580
Washoe,"STATE ASSEMBLY, DISTRICT 27","BENITEZ-THOMPSON, TERESA (INCUMBENT)",18410
Washoe,"STATE ASSEMBLY, DISTRICT 30","SPRINKLE, MICHAEL (INCUMBENT)",16205
Washoe,"STATE ASSEMBLY, DISTRICT 31","DALY, RICHARD ""SKIP"" (INCUMBENT)",15054
Washoe,"STATE ASSEMBLY, DISTRICT 31","DICKMAN, JILL ANN",13949
Washoe,"STATE ASSEMBLY, DISTRICT 32","HANSEN, ALEXIS M.",8500
Washoe,"STATE ASSEMBLY, DISTRICT 32","POVILAITIS, PAULA",4491
Washoe,"STATE ASSEMBLY, DISTRICT 40","KRAMER, AL (INCUMBENT)",3731
Washoe,"STATE ASSEMBLY, DISTRICT 40","ZEMKE, AUTUMN",2322
Washoe,"SUPREME COURT JUSTICE, SEAT C","CADISH, ELISSA",91262
Washoe,"SUPREME COURT JUSTICE, SEAT C","TAO, JERRY",45306
Washoe,"SUPREME COURT JUSTICE, SEAT C",NONE OF THESE CANDIDATES,34591
Washoe,"SUPREME COURT JUSTICE, SEAT F","SILVER, ABBI",126060
Washoe,"SUPREME COURT JUSTICE, SEAT F",NONE OF THESE CANDIDATES,38387
Washoe,"SUPREME COURT JUSTICE, SEAT G","STIGLICH, LIDIA (INCUMBENT)",94918
Washoe,"SUPREME COURT JUSTICE, SEAT G","HARTER, MATHEW",47214
Washoe,"SUPREME COURT JUSTICE, SEAT G",NONE OF THESE CANDIDATES,30376
Washoe,"DISTRICT COURT JUDGE, DISTRICT 2, DEPARTMENT 1","DRAKULICH, KATHLEEN M. (INCUMBENT)",148319
Washoe,"DISTRICT COURT JUDGE, DISTRICT 2, DEPARTMENT 2","GROSSMAN, DIXIE (INCUMBENT)",89677
Washoe,"DISTRICT COURT JUDGE, DISTRICT 2, DEPARTMENT 2","BUSHUR, AARON",63818
Washoe,"DISTRICT COURT JUDGE, DISTRICT 2, DEPARTMENT 7","WALKER, EGAN (INCUMBENT)",142006
Washoe,"DISTRICT COURT JUDGE, DISTRICT 2, DEPARTMENT 8","BRESLOW, BARRY (INCUMBENT)",142317
Washoe,DISTRICT ATTORNEY,"HICKS, CHRIS (INCUMBENT)",143381
Washoe,COUNTY ASSESSOR,"CLARK, MICHAEL E. (INCUMBENT)",91757
Washoe,COUNTY ASSESSOR,"EVANS, HUGH ""CHIP""",91220
Washoe,PUBLIC ADMINISTRATOR,"CAVALLO, DON (INCUMBENT)",96251
Washoe,PUBLIC ADMINISTRATOR,"PROTHRO, VERITA BLACK",85887
Washoe,COUNTY RECORDER,"WORK, KALIE",94551
Washoe,COUNTY RECORDER,"BURTNESS, LAWRENCE (INCUMBENT)",87165
Washoe,COUNTY TREASURER,"DAVIS, TAMMI (INCUMBENT)",95917
Washoe,COUNTY TREASURER,"BUEHLER, MATTHEW R.",85735
Washoe,COUNTY CLERK,"PARENT, NANCY (INCUMBENT)",100688
Washoe,COUNTY CLERK,"TUDORACHE, EMIL",81212
Washoe,"COUNTY COMMISSION, DISTRICT 2","LUCEY, BOB (INCUMBENT)",23331
Washoe,"COUNTY COMMISSION, DISTRICT 2","WOLGAST, STEPHEN",19639
Washoe,"COUNTY COMMISSION, DISTRICT 3","JUNG, KITTY K. (INCUMBENT)",15326
Washoe,"COUNTY COMMISSION, DISTRICT 3","JOHNSON, BILL",7091
Washoe,"COUNTY COMMISSION, DISTRICT 5","HERMAN, JEANNE (INCUMBENT)",17309
Washoe,"COUNTY COMMISSION, DISTRICT 5","JUDD, LINDSY",16058
Washoe,"CONSTABLE, INCLINE VILLAGE","KELLER, HANS R. (INCUMBENT)",4104
Washoe,INCLINE VILLAGE GENERAL IMPROVEMENT DISTRICT,"WONG, KENDRA W. (INCUMBENT)",2442
Washoe,INCLINE VILLAGE GENERAL IMPROVEMENT DISTRICT,"CALLICRATE, TIM G. (INCUMBENT)",2293
Washoe,INCLINE VILLAGE GENERAL IMPROVEMENT DISTRICT,"SCHMITZ, SARA",2279
Washoe,INCLINE VILLAGE GENERAL IMPROVEMENT DISTRICT,"SIMONIAN, BRUCE EDWARD",2224
Washoe,VERDI TV DISTRICT,"ZUNINO, NANCY E. (INCUMBENT)",4384
Washoe,VERDI TV DISTRICT,"HORTON, HUD",2798
Washoe,VERDI TV DISTRICT,"COMER, BRUCE",2165
Washoe,VERDI TV DISTRICT,"BEIN, RICHARD (INCUMBENT)",1881
Washoe,VERDI TV DISTRICT,"UNSWORTH, ROBERT",1400
Washoe,"SCHOOL BOARD TRUSTEE, DISTRICT B","MINETTO, ELLEN",16127
Washoe,"SCHOOL BOARD TRUSTEE, DISTRICT B","VANDERWELL, DIAN",10116
Washoe,"SCHOOL BOARD TRUSTEE, DISTRICT C","CAUDILL, ANDREW BENJAMIN",16892
Washoe,"SCHOOL BOARD TRUSTEE, DISTRICT C","FEEMSTER, DEBRA SMITH",15312
Washoe,"SCHOOL BOARD TRUSTEE, DISTRICT F AT-LARGE","CALVERT, JACQUELINE",39313
Washoe,"SCHOOL BOARD TRUSTEE, DISTRICT F AT-LARGE","CHURCH, JEFFREY",32869
Washoe,PALOMINO VALLEY GENERAL IMPROVEMENT DISTRICT,"DENNIS, GREG (INCUMBENT)",455
Washoe,PALOMINO VALLEY GENERAL IMPROVEMENT DISTRICT,"JOHNSON, LARRY J. (INCUMBENT)",450
Washoe,PALOMINO VALLEY GENERAL IMPROVEMENT DISTRICT,"OTTO, DONALD",406
Washoe,PALOMINO VALLEY GENERAL IMPROVEMENT DISTRICT,"RHODES, ZACHARY",373
Washoe,PALOMINO VALLEY GENERAL IMPROVEMENT DISTRICT,"CURRIVAN, JAMES (INCUMBENT)",373
Washoe,SHERIFF,"BALAAM, DARIN",91637
Washoe,SHERIFF,"HOWE, HEIDI",77377
Washoe,SUN VALLEY GENERAL IMPROVEMENT DISTRICT,"AINSWORTH, SANDRA (INCUMBENT)",2026
Washoe,SUN VALLEY GENERAL IMPROVEMENT DISTRICT,"SEVERT, SUSAN (INCUMBENT)",1540
Washoe,SUN VALLEY GENERAL IMPROVEMENT DISTRICT,"RIDER, MICHAEL",1472
Washoe,SUN VALLEY GENERAL IMPROVEMENT DISTRICT,"DUTRA, SUZANNE",1203
Washoe,CITY OF RENO MAYOR,"SCHIEVE, HILLARY (INCUMBENT)",57577
Washoe,CITY OF RENO MAYOR,"LORTON, EDDIE",31684
Washoe,RENO CITY ATTORNEY,"HALL, KARL S. (INCUMBENT)",41215
Washoe,RENO CITY ATTORNEY,"KADLIC, JOHN J.",36797
Washoe,"RENO CITY COUNCIL, WARD 2","DUERR, NAOMI (INCUMBENT)",12777
Washoe,"RENO CITY COUNCIL, WARD 2","LAWRENCE, JOE",8095
Washoe,"RENO CITY COUNCIL, WARD 4","WEBER, BONNIE",7151
Washoe,"RENO CITY COUNCIL, WARD 4","MCKENZIE, PAUL D. (INCUMBENT)",5340
White Pine,UNITED STATES SENATOR,"HELLER, DEAN (INCUMBENT)",2102
White Pine,UNITED STATES SENATOR,"ROSEN, JACKY",581
White Pine,UNITED STATES SENATOR,NONE OF THESE CANDIDATES,96
White Pine,UNITED STATES SENATOR,"MICHAELS, BARRY",49
White Pine,UNITED STATES SENATOR,"BAKARI, KAMAU A.",46
White Pine,UNITED STATES SENATOR,"HAGAN, TIM",31
White Pine,"U.S. REPRESENTATIVE IN CONGRESS, DIST. 4","HARDY, CRESENT",2089
White Pine,"U.S. REPRESENTATIVE IN CONGRESS, DIST. 4","HORSFORD, STEVEN A.",644
White Pine,"U.S. REPRESENTATIVE IN CONGRESS, DIST. 4","MCGONIGLE, DEAN",44
White Pine,"U.S. REPRESENTATIVE IN CONGRESS, DIST. 4","MARKOWITZ, WARREN ROSS",40
White Pine,"U.S. REPRESENTATIVE IN CONGRESS, DIST. 4","SMITH, RODNEY",34
White Pine,"U.S. REPRESENTATIVE IN CONGRESS, DIST. 4","LUCKNER, GREGG",20
White Pine,GOVERNOR,"LAXALT, ADAM PAUL",2117
White Pine,GOVERNOR,"SISOLAK, STEVE",516
White Pine,GOVERNOR,"BUNDY, RYAN",147
White Pine,GOVERNOR,NONE OF THESE CANDIDATES,68
White Pine,GOVERNOR,"BEST, RUSSELL",36
White Pine,GOVERNOR,"LORD, JARED",23
White Pine,LIEUTENANT GOVERNOR,"ROBERSON, MICHAEL",1913
White Pine,LIEUTENANT GOVERNOR,"MARSHALL, KATE",657
White Pine,LIEUTENANT GOVERNOR,"HANSEN, JANINE",132
White Pine,LIEUTENANT GOVERNOR,NONE OF THESE CANDIDATES,127
White Pine,LIEUTENANT GOVERNOR,"UEHLING, ED",58
White Pine,SECRETARY OF STATE,"CEGAVSKE, BARBARA K. (INCUMBENT)",2127
White Pine,SECRETARY OF STATE,"ARAUJO, NELSON",590
White Pine,SECRETARY OF STATE,NONE OF THESE CANDIDATES,170
White Pine,STATE TREASURER,"BEERS, BOB",2079
White Pine,STATE TREASURER,"CONINE, ZACH",589
White Pine,STATE TREASURER,NONE OF THESE CANDIDATES,132
White Pine,STATE TREASURER,"HOGE, BILL",86
White Pine,STATE CONTROLLER,"KNECHT, RON (INCUMBENT)",2087
White Pine,STATE CONTROLLER,"BYRNE, CATHERINE",661
White Pine,STATE CONTROLLER,NONE OF THESE CANDIDATES,133
White Pine,ATTORNEY GENERAL,"DUNCAN, WES",2040
White Pine,ATTORNEY GENERAL,"FORD, AARON",579
White Pine,ATTORNEY GENERAL,"HANSEN, JOEL F.",144
White Pine,ATTORNEY GENERAL,NONE OF THESE CANDIDATES,121
White Pine,"STATE ASSEMBLY, DISTRICT 33","ELLISON, JOHN C. (INCUMBENT)",2555
White Pine,"SUPREME COURT JUSTICE, SEAT C","TAO, JERRY",1048
White Pine,"SUPREME COURT JUSTICE, SEAT C","CADISH, ELISSA",1007
White Pine,"SUPREME COURT JUSTICE, SEAT C",NONE OF THESE CANDIDATES,645
White Pine,"SUPREME COURT JUSTICE, SEAT F","SILVER, ABBI",1863
White Pine,"SUPREME COURT JUSTICE, SEAT F",NONE OF THESE CANDIDATES,719
White Pine,"SUPREME COURT JUSTICE, SEAT G","HARTER, MATHEW",1233
White Pine,"SUPREME COURT JUSTICE, SEAT G","STIGLICH, LIDIA (INCUMBENT)",757
White Pine,"SUPREME COURT JUSTICE, SEAT G",NONE OF THESE CANDIDATES,658
White Pine,DISTRICT ATTORNEY,"WHEABLE, MICHAEL A. (INCUMBENT)",2558
White Pine,COUNTY ASSESSOR,"HILTON, BURTON W. (INCUMBENT)",2574
White Pine,COUNTY RECORDER,"SINDELAR, MARTHA RIVERA (INCUMBENT)",2303
White Pine,COUNTY TREASURER,"BAKARIC, CATHERINE (INCUMBENT)",2631
White Pine,COUNTY CLERK,"BALDWIN, NICHOLE (INCUMBENT)",2508
White Pine,"COUNTY COMMISSIONER, SEAT 1","BULLIS, IAN",1880
White Pine,"COUNTY COMMISSIONER, SEAT 1","CHACHAS, GEORGE",956
White Pine,"COUNTY COMMISSIONER, SEAT 5","GODON, TRAVIS",2561
White Pine,"SCHOOL BOARD TRUSTEE, DISTRICT E","ADAMS, AMY",1581
White Pine,"SCHOOL BOARD TRUSTEE, DISTRICT E","WILLES, CADE H.",1058
White Pine,"WHITE PINE TV DISTRICT NO. 1, SEAT B","BECKWITH, SID",1736
White Pine,"WHITE PINE TV DISTRICT NO. 1, SEAT B","SKYE, ERICSON",832
White Pine,SHERIFF,"HENRIOD, SCOTT (INCUMBENT)",1759
White Pine,SHERIFF,"SAWYER, RAY",1089
White Pine,"JUSTICE OF THE PEACE, ELY TOWNSHIP, NO. 1","BISHOP, STEPHEN J. (INCUMBENT)",1434
White Pine,"JUSTICE OF THE PEACE, ELY TOWNSHIP, NO. 1","HIBBS, MATT",1370
