Candidate,Votes,County,race
MARTIN T HEINRICH,137957,Bernalillo,United States Senator
GARY E JOHNSON,38763,Bernalillo,United States Senator
MICK RICH,61129,Bernalillo,United States Senator
Total Votes,237849,Bernalillo,United States Senator
MARTIN T HEINRICH,550,Catron,United States Senator
GARY E JOHNSON,217,Catron,United States Senator
MICK RICH,1075,Catron,United States Senator
Total Votes,1842,Catron,United States Senator
MARTIN T HEINRICH,5260,Chaves,United States Senator
GARY E JOHNSON,2658,Chaves,United States Senator
MICK RICH,8712,Chaves,United States Senator
Total Votes,16630,Chaves,United States Senator
MARTIN T HEINRICH,3899,Cibola,United States Senator
GARY E JOHNSON,1341,Cibola,United States Senator
MICK RICH,1833,Cibola,United States Senator
Total Votes,7073,Cibola,United States Senator
MARTIN T HEINRICH,2333,Colfax,United States Senator
GARY E JOHNSON,731,Colfax,United States Senator
MICK RICH,1615,Colfax,United States Senator
Total Votes,4679,Colfax,United States Senator
MARTIN T HEINRICH,2788,Curry,United States Senator
GARY E JOHNSON,1497,Curry,United States Senator
MICK RICH,5893,Curry,United States Senator
Total Votes,10178,Curry,United States Senator
MARTIN T HEINRICH,267,De Baca,United States Senator
GARY E JOHNSON,196,De Baca,United States Senator
MICK RICH,342,De Baca,United States Senator
Total Votes,805,De Baca,United States Senator
MARTIN T HEINRICH,33930,Dona Ana,United States Senator
GARY E JOHNSON,7900,Dona Ana,United States Senator
MICK RICH,17998,Dona Ana,United States Senator
Total Votes,59828,Dona Ana,United States Senator
MARTIN T HEINRICH,4834,Eddy,United States Senator
GARY E JOHNSON,2095,Eddy,United States Senator
MICK RICH,8826,Eddy,United States Senator
Total Votes,15755,Eddy,United States Senator
MARTIN T HEINRICH,6763,Grant,United States Senator
GARY E JOHNSON,1442,Grant,United States Senator
MICK RICH,3598,Grant,United States Senator
Total Votes,11803,Grant,United States Senator
MARTIN T HEINRICH,1094,Guadalupe,United States Senator
GARY E JOHNSON,292,Guadalupe,United States Senator
MICK RICH,292,Guadalupe,United States Senator
Total Votes,1678,Guadalupe,United States Senator
MARTIN T HEINRICH,198,Harding,United States Senator
GARY E JOHNSON,84,Harding,United States Senator
MICK RICH,199,Harding,United States Senator
Total Votes,481,Harding,United States Senator
MARTIN T HEINRICH,788,Hidalgo,United States Senator
GARY E JOHNSON,198,Hidalgo,United States Senator
MICK RICH,608,Hidalgo,United States Senator
Total Votes,1594,Hidalgo,United States Senator
MARTIN T HEINRICH,3331,Lea,United States Senator
GARY E JOHNSON,1628,Lea,United States Senator
MICK RICH,8882,Lea,United States Senator
Total Votes,13841,Lea,United States Senator
MARTIN T HEINRICH,2617,Lincoln,United States Senator
GARY E JOHNSON,1111,Lincoln,United States Senator
MICK RICH,4122,Lincoln,United States Senator
Total Votes,7850,Lincoln,United States Senator
MARTIN T HEINRICH,5739,Los Alamos,United States Senator
GARY E JOHNSON,1918,Los Alamos,United States Senator
MICK RICH,2564,Los Alamos,United States Senator
Total Votes,10221,Los Alamos,United States Senator
MARTIN T HEINRICH,3005,Luna,United States Senator
GARY E JOHNSON,823,Luna,United States Senator
MICK RICH,2313,Luna,United States Senator
Total Votes,6141,Luna,United States Senator
MARTIN T HEINRICH,12195,McKinley,United States Senator
GARY E JOHNSON,3008,McKinley,United States Senator
MICK RICH,2864,McKinley,United States Senator
Total Votes,18067,McKinley,United States Senator
MARTIN T HEINRICH,1564,Mora,United States Senator
GARY E JOHNSON,386,Mora,United States Senator
MICK RICH,372,Mora,United States Senator
Total Votes,2322,Mora,United States Senator
MARTIN T HEINRICH,6370,Otero,United States Senator
GARY E JOHNSON,2291,Otero,United States Senator
MICK RICH,8459,Otero,United States Senator
Total Votes,17120,Otero,United States Senator
MARTIN T HEINRICH,1012,Quay,United States Senator
GARY E JOHNSON,537,Quay,United States Senator
MICK RICH,1526,Quay,United States Senator
Total Votes,3075,Quay,United States Senator
MARTIN T HEINRICH,8742,Rio Arriba,United States Senator
GARY E JOHNSON,2029,Rio Arriba,United States Senator
MICK RICH,1938,Rio Arriba,United States Senator
Total Votes,12709,Rio Arriba,United States Senator
MARTIN T HEINRICH,1276,Roosevelt,United States Senator
GARY E JOHNSON,750,Roosevelt,United States Senator
MICK RICH,2604,Roosevelt,United States Senator
Total Votes,4630,Roosevelt,United States Senator
MARTIN T HEINRICH,12472,San Juan,United States Senator
GARY E JOHNSON,6873,San Juan,United States Senator
MICK RICH,17982,San Juan,United States Senator
Total Votes,37327,San Juan,United States Senator
MARTIN T HEINRICH,6609,San Miguel,United States Senator
GARY E JOHNSON,1323,San Miguel,United States Senator
MICK RICH,1297,San Miguel,United States Senator
Total Votes,9229,San Miguel,United States Senator
MARTIN T HEINRICH,28018,Sandoval,United States Senator
GARY E JOHNSON,9348,Sandoval,United States Senator
MICK RICH,17731,Sandoval,United States Senator
Total Votes,55097,Sandoval,United States Senator
MARTIN T HEINRICH,49621,Santa Fe,United States Senator
GARY E JOHNSON,7579,Santa Fe,United States Senator
MICK RICH,9451,Santa Fe,United States Senator
Total Votes,66651,Santa Fe,United States Senator
MARTIN T HEINRICH,1917,Sierra,United States Senator
GARY E JOHNSON,767,Sierra,United States Senator
MICK RICH,2048,Sierra,United States Senator
Total Votes,4732,Sierra,United States Senator
MARTIN T HEINRICH,3409,Socorro,United States Senator
GARY E JOHNSON,1129,Socorro,United States Senator
MICK RICH,1699,Socorro,United States Senator
Total Votes,6237,Socorro,United States Senator
MARTIN T HEINRICH,10842,Taos,United States Senator
GARY E JOHNSON,2112,Taos,United States Senator
MICK RICH,1556,Taos,United States Senator
Total Votes,14510,Taos,United States Senator
MARTIN T HEINRICH,1980,Torrance,United States Senator
GARY E JOHNSON,950,Torrance,United States Senator
MICK RICH,2431,Torrance,United States Senator
Total Votes,5361,Torrance,United States Senator
MARTIN T HEINRICH,332,Union,United States Senator
GARY E JOHNSON,251,Union,United States Senator
MICK RICH,868,Union,United States Senator
Total Votes,1451,Union,United States Senator
MARTIN T HEINRICH,10491,Valencia,United States Senator
GARY E JOHNSON,3874,Valencia,United States Senator
MICK RICH,8115,Valencia,United States Senator
Total Votes,22480,Valencia,United States Senator
DEBRA A HAALAND,135317,Bernalillo,United States Representative - DISTRICT 1
LLOYD J PRINCETON,10277,Bernalillo,United States Representative - DISTRICT 1
JANICE E ARNOLD-JONES,79757,Bernalillo,United States Representative - DISTRICT 1
Total Votes,225351,Bernalillo,United States Representative - DISTRICT 1
DEBRA A HAALAND,5808,Sandoval,United States Representative - DISTRICT 1
LLOYD J PRINCETON,413,Sandoval,United States Representative - DISTRICT 1
JANICE E ARNOLD-JONES,4016,Sandoval,United States Representative - DISTRICT 1
Total Votes,10237,Sandoval,United States Representative - DISTRICT 1
DEBRA A HAALAND,891,Santa Fe,United States Representative - DISTRICT 1
LLOYD J PRINCETON,136,Santa Fe,United States Representative - DISTRICT 1
JANICE E ARNOLD-JONES,1487,Santa Fe,United States Representative - DISTRICT 1
Total Votes,2514,Santa Fe,United States Representative - DISTRICT 1
DEBRA A HAALAND,1937,Torrance,United States Representative - DISTRICT 1
LLOYD J PRINCETON,268,Torrance,United States Representative - DISTRICT 1
JANICE E ARNOLD-JONES,3130,Torrance,United States Representative - DISTRICT 1
Total Votes,5335,Torrance,United States Representative - DISTRICT 1
DEBRA A HAALAND,1068,Valencia,United States Representative - DISTRICT 1
LLOYD J PRINCETON,91,Valencia,United States Representative - DISTRICT 1
JANICE E ARNOLD-JONES,907,Valencia,United States Representative - DISTRICT 1
Total Votes,2066,Valencia,United States Representative - DISTRICT 1
XOCHITL TORRES SMALL,526,Bernalillo,United States Representative - DISTRICT 2
YVETTE HERRELL,165,Bernalillo,United States Representative - DISTRICT 2
Total Votes,691,Bernalillo,United States Representative - DISTRICT 2
XOCHITL TORRES SMALL,553,Catron,United States Representative - DISTRICT 2
YVETTE HERRELL,1264,Catron,United States Representative - DISTRICT 2
Total Votes,1817,Catron,United States Representative - DISTRICT 2
XOCHITL TORRES SMALL,6033,Chaves,United States Representative - DISTRICT 2
YVETTE HERRELL,10488,Chaves,United States Representative - DISTRICT 2
Total Votes,16521,Chaves,United States Representative - DISTRICT 2
XOCHITL TORRES SMALL,4323,Cibola,United States Representative - DISTRICT 2
YVETTE HERRELL,2618,Cibola,United States Representative - DISTRICT 2
Total Votes,6941,Cibola,United States Representative - DISTRICT 2
XOCHITL TORRES SMALL,292,De Baca,United States Representative - DISTRICT 2
YVETTE HERRELL,500,De Baca,United States Representative - DISTRICT 2
Total Votes,792,De Baca,United States Representative - DISTRICT 2
XOCHITL TORRES SMALL,38382,Dona Ana,United States Representative - DISTRICT 2
YVETTE HERRELL,21324,Dona Ana,United States Representative - DISTRICT 2
Total Votes,59706,Dona Ana,United States Representative - DISTRICT 2
XOCHITL TORRES SMALL,5198,Eddy,United States Representative - DISTRICT 2
YVETTE HERRELL,10413,Eddy,United States Representative - DISTRICT 2
Total Votes,15611,Eddy,United States Representative - DISTRICT 2
XOCHITL TORRES SMALL,7176,Grant,United States Representative - DISTRICT 2
YVETTE HERRELL,4530,Grant,United States Representative - DISTRICT 2
Total Votes,11706,Grant,United States Representative - DISTRICT 2
XOCHITL TORRES SMALL,1162,Guadalupe,United States Representative - DISTRICT 2
YVETTE HERRELL,505,Guadalupe,United States Representative - DISTRICT 2
Total Votes,1667,Guadalupe,United States Representative - DISTRICT 2
XOCHITL TORRES SMALL,816,Hidalgo,United States Representative - DISTRICT 2
YVETTE HERRELL,760,Hidalgo,United States Representative - DISTRICT 2
Total Votes,1576,Hidalgo,United States Representative - DISTRICT 2
XOCHITL TORRES SMALL,3910,Lea,United States Representative - DISTRICT 2
YVETTE HERRELL,9842,Lea,United States Representative - DISTRICT 2
Total Votes,13752,Lea,United States Representative - DISTRICT 2
XOCHITL TORRES SMALL,2812,Lincoln,United States Representative - DISTRICT 2
YVETTE HERRELL,4953,Lincoln,United States Representative - DISTRICT 2
Total Votes,7765,Lincoln,United States Representative - DISTRICT 2
XOCHITL TORRES SMALL,3198,Luna,United States Representative - DISTRICT 2
YVETTE HERRELL,2890,Luna,United States Representative - DISTRICT 2
Total Votes,6088,Luna,United States Representative - DISTRICT 2
XOCHITL TORRES SMALL,1299,McKinley,United States Representative - DISTRICT 2
YVETTE HERRELL,294,McKinley,United States Representative - DISTRICT 2
Total Votes,1593,McKinley,United States Representative - DISTRICT 2
XOCHITL TORRES SMALL,6873,Otero,United States Representative - DISTRICT 2
YVETTE HERRELL,10176,Otero,United States Representative - DISTRICT 2
Total Votes,17049,Otero,United States Representative - DISTRICT 2
XOCHITL TORRES SMALL,560,Roosevelt,United States Representative - DISTRICT 2
YVETTE HERRELL,1561,Roosevelt,United States Representative - DISTRICT 2
Total Votes,2121,Roosevelt,United States Representative - DISTRICT 2
XOCHITL TORRES SMALL,2052,Sierra,United States Representative - DISTRICT 2
YVETTE HERRELL,2611,Sierra,United States Representative - DISTRICT 2
Total Votes,4663,Sierra,United States Representative - DISTRICT 2
XOCHITL TORRES SMALL,3879,Socorro,United States Representative - DISTRICT 2
YVETTE HERRELL,2324,Socorro,United States Representative - DISTRICT 2
Total Votes,6203,Socorro,United States Representative - DISTRICT 2
XOCHITL TORRES SMALL,10588,Valencia,United States Representative - DISTRICT 2
YVETTE HERRELL,9618,Valencia,United States Representative - DISTRICT 2
Total Votes,20206,Valencia,United States Representative - DISTRICT 2
BEN R LUJAN,5722,Bernalillo,United States Representative - DISTRICT 3
CHRISTOPHER MANNING,660,Bernalillo,United States Representative - DISTRICT 3
JERALD STEVE MCFALL,4192,Bernalillo,United States Representative - DISTRICT 3
Total Votes,10574,Bernalillo,United States Representative - DISTRICT 3
BEN R LUJAN,2474,Colfax,United States Representative - DISTRICT 3
CHRISTOPHER MANNING,256,Colfax,United States Representative - DISTRICT 3
JERALD STEVE MCFALL,1935,Colfax,United States Representative - DISTRICT 3
Total Votes,4665,Colfax,United States Representative - DISTRICT 3
BEN R LUJAN,3314,Curry,United States Representative - DISTRICT 3
CHRISTOPHER MANNING,418,Curry,United States Representative - DISTRICT 3
JERALD STEVE MCFALL,6412,Curry,United States Representative - DISTRICT 3
Total Votes,10144,Curry,United States Representative - DISTRICT 3
BEN R LUJAN,202,Harding,United States Representative - DISTRICT 3
CHRISTOPHER MANNING,28,Harding,United States Representative - DISTRICT 3
JERALD STEVE MCFALL,244,Harding,United States Representative - DISTRICT 3
Total Votes,474,Harding,United States Representative - DISTRICT 3
BEN R LUJAN,6157,Los Alamos,United States Representative - DISTRICT 3
CHRISTOPHER MANNING,917,Los Alamos,United States Representative - DISTRICT 3
JERALD STEVE MCFALL,3073,Los Alamos,United States Representative - DISTRICT 3
Total Votes,10147,Los Alamos,United States Representative - DISTRICT 3
BEN R LUJAN,12461,McKinley,United States Representative - DISTRICT 3
CHRISTOPHER MANNING,869,McKinley,United States Representative - DISTRICT 3
JERALD STEVE MCFALL,3003,McKinley,United States Representative - DISTRICT 3
Total Votes,16333,McKinley,United States Representative - DISTRICT 3
BEN R LUJAN,1788,Mora,United States Representative - DISTRICT 3
CHRISTOPHER MANNING,72,Mora,United States Representative - DISTRICT 3
JERALD STEVE MCFALL,464,Mora,United States Representative - DISTRICT 3
Total Votes,2324,Mora,United States Representative - DISTRICT 3
BEN R LUJAN,1300,Quay,United States Representative - DISTRICT 3
CHRISTOPHER MANNING,137,Quay,United States Representative - DISTRICT 3
JERALD STEVE MCFALL,1638,Quay,United States Representative - DISTRICT 3
Total Votes,3075,Quay,United States Representative - DISTRICT 3
BEN R LUJAN,9883,Rio Arriba,United States Representative - DISTRICT 3
CHRISTOPHER MANNING,484,Rio Arriba,United States Representative - DISTRICT 3
JERALD STEVE MCFALL,2315,Rio Arriba,United States Representative - DISTRICT 3
Total Votes,12682,Rio Arriba,United States Representative - DISTRICT 3
BEN R LUJAN,945,Roosevelt,United States Representative - DISTRICT 3
CHRISTOPHER MANNING,142,Roosevelt,United States Representative - DISTRICT 3
JERALD STEVE MCFALL,1388,Roosevelt,United States Representative - DISTRICT 3
Total Votes,2475,Roosevelt,United States Representative - DISTRICT 3
BEN R LUJAN,14137,San Juan,United States Representative - DISTRICT 3
CHRISTOPHER MANNING,3273,San Juan,United States Representative - DISTRICT 3
JERALD STEVE MCFALL,19731,San Juan,United States Representative - DISTRICT 3
Total Votes,37141,San Juan,United States Representative - DISTRICT 3
BEN R LUJAN,7379,San Miguel,United States Representative - DISTRICT 3
CHRISTOPHER MANNING,279,San Miguel,United States Representative - DISTRICT 3
JERALD STEVE MCFALL,1551,San Miguel,United States Representative - DISTRICT 3
Total Votes,9209,San Miguel,United States Representative - DISTRICT 3
BEN R LUJAN,24554,Sandoval,United States Representative - DISTRICT 3
CHRISTOPHER MANNING,2611,Sandoval,United States Representative - DISTRICT 3
JERALD STEVE MCFALL,17426,Sandoval,United States Representative - DISTRICT 3
Total Votes,44591,Sandoval,United States Representative - DISTRICT 3
BEN R LUJAN,51408,Santa Fe,United States Representative - DISTRICT 3
CHRISTOPHER MANNING,2515,Santa Fe,United States Representative - DISTRICT 3
JERALD STEVE MCFALL,9948,Santa Fe,United States Representative - DISTRICT 3
Total Votes,63871,Santa Fe,United States Representative - DISTRICT 3
BEN R LUJAN,12103,Taos,United States Representative - DISTRICT 3
CHRISTOPHER MANNING,478,Taos,United States Representative - DISTRICT 3
JERALD STEVE MCFALL,1888,Taos,United States Representative - DISTRICT 3
Total Votes,14469,Taos,United States Representative - DISTRICT 3
BEN R LUJAN,465,Union,United States Representative - DISTRICT 3
CHRISTOPHER MANNING,61,Union,United States Representative - DISTRICT 3
JERALD STEVE MCFALL,921,Union,United States Representative - DISTRICT 3
Total Votes,1447,Union,United States Representative - DISTRICT 3
MICHELLE LUJAN GRISHAM AND HOWIE C MORALES,147226,Bernalillo,Governor and Lieutenant Governor
STEVE PEARCE AND MICHELLE GARCIA HOLMES,90038,Bernalillo,Governor and Lieutenant Governor
Total Votes,237264,Bernalillo,Governor and Lieutenant Governor
MICHELLE LUJAN GRISHAM AND HOWIE C MORALES,511,Catron,Governor and Lieutenant Governor
STEVE PEARCE AND MICHELLE GARCIA HOLMES,1332,Catron,Governor and Lieutenant Governor
Total Votes,1843,Catron,Governor and Lieutenant Governor
MICHELLE LUJAN GRISHAM AND HOWIE C MORALES,5324,Chaves,Governor and Lieutenant Governor
STEVE PEARCE AND MICHELLE GARCIA HOLMES,11335,Chaves,Governor and Lieutenant Governor
Total Votes,16659,Chaves,Governor and Lieutenant Governor
MICHELLE LUJAN GRISHAM AND HOWIE C MORALES,3957,Cibola,Governor and Lieutenant Governor
STEVE PEARCE AND MICHELLE GARCIA HOLMES,3124,Cibola,Governor and Lieutenant Governor
Total Votes,7081,Cibola,Governor and Lieutenant Governor
MICHELLE LUJAN GRISHAM AND HOWIE C MORALES,2327,Colfax,Governor and Lieutenant Governor
STEVE PEARCE AND MICHELLE GARCIA HOLMES,2335,Colfax,Governor and Lieutenant Governor
Total Votes,4662,Colfax,Governor and Lieutenant Governor
MICHELLE LUJAN GRISHAM AND HOWIE C MORALES,3101,Curry,Governor and Lieutenant Governor
STEVE PEARCE AND MICHELLE GARCIA HOLMES,7103,Curry,Governor and Lieutenant Governor
Total Votes,10204,Curry,Governor and Lieutenant Governor
MICHELLE LUJAN GRISHAM AND HOWIE C MORALES,229,De Baca,Governor and Lieutenant Governor
STEVE PEARCE AND MICHELLE GARCIA HOLMES,587,De Baca,Governor and Lieutenant Governor
Total Votes,816,De Baca,Governor and Lieutenant Governor
MICHELLE LUJAN GRISHAM AND HOWIE C MORALES,36174,Dona Ana,Governor and Lieutenant Governor
STEVE PEARCE AND MICHELLE GARCIA HOLMES,23803,Dona Ana,Governor and Lieutenant Governor
Total Votes,59977,Dona Ana,Governor and Lieutenant Governor
MICHELLE LUJAN GRISHAM AND HOWIE C MORALES,4631,Eddy,Governor and Lieutenant Governor
STEVE PEARCE AND MICHELLE GARCIA HOLMES,11178,Eddy,Governor and Lieutenant Governor
Total Votes,15809,Eddy,Governor and Lieutenant Governor
MICHELLE LUJAN GRISHAM AND HOWIE C MORALES,7043,Grant,Governor and Lieutenant Governor
STEVE PEARCE AND MICHELLE GARCIA HOLMES,4750,Grant,Governor and Lieutenant Governor
Total Votes,11793,Grant,Governor and Lieutenant Governor
MICHELLE LUJAN GRISHAM AND HOWIE C MORALES,1021,Guadalupe,Governor and Lieutenant Governor
STEVE PEARCE AND MICHELLE GARCIA HOLMES,673,Guadalupe,Governor and Lieutenant Governor
Total Votes,1694,Guadalupe,Governor and Lieutenant Governor
MICHELLE LUJAN GRISHAM AND HOWIE C MORALES,178,Harding,Governor and Lieutenant Governor
STEVE PEARCE AND MICHELLE GARCIA HOLMES,300,Harding,Governor and Lieutenant Governor
Total Votes,478,Harding,Governor and Lieutenant Governor
MICHELLE LUJAN GRISHAM AND HOWIE C MORALES,784,Hidalgo,Governor and Lieutenant Governor
STEVE PEARCE AND MICHELLE GARCIA HOLMES,842,Hidalgo,Governor and Lieutenant Governor
Total Votes,1626,Hidalgo,Governor and Lieutenant Governor
MICHELLE LUJAN GRISHAM AND HOWIE C MORALES,3086,Lea,Governor and Lieutenant Governor
STEVE PEARCE AND MICHELLE GARCIA HOLMES,10845,Lea,Governor and Lieutenant Governor
Total Votes,13931,Lea,Governor and Lieutenant Governor
MICHELLE LUJAN GRISHAM AND HOWIE C MORALES,2625,Lincoln,Governor and Lieutenant Governor
STEVE PEARCE AND MICHELLE GARCIA HOLMES,5216,Lincoln,Governor and Lieutenant Governor
Total Votes,7841,Lincoln,Governor and Lieutenant Governor
MICHELLE LUJAN GRISHAM AND HOWIE C MORALES,5944,Los Alamos,Governor and Lieutenant Governor
STEVE PEARCE AND MICHELLE GARCIA HOLMES,4225,Los Alamos,Governor and Lieutenant Governor
Total Votes,10169,Los Alamos,Governor and Lieutenant Governor
MICHELLE LUJAN GRISHAM AND HOWIE C MORALES,2967,Luna,Governor and Lieutenant Governor
STEVE PEARCE AND MICHELLE GARCIA HOLMES,3176,Luna,Governor and Lieutenant Governor
Total Votes,6143,Luna,Governor and Lieutenant Governor
MICHELLE LUJAN GRISHAM AND HOWIE C MORALES,12913,McKinley,Governor and Lieutenant Governor
STEVE PEARCE AND MICHELLE GARCIA HOLMES,5139,McKinley,Governor and Lieutenant Governor
Total Votes,18052,McKinley,Governor and Lieutenant Governor
MICHELLE LUJAN GRISHAM AND HOWIE C MORALES,1664,Mora,Governor and Lieutenant Governor
STEVE PEARCE AND MICHELLE GARCIA HOLMES,678,Mora,Governor and Lieutenant Governor
Total Votes,2342,Mora,Governor and Lieutenant Governor
MICHELLE LUJAN GRISHAM AND HOWIE C MORALES,6450,Otero,Governor and Lieutenant Governor
STEVE PEARCE AND MICHELLE GARCIA HOLMES,10644,Otero,Governor and Lieutenant Governor
Total Votes,17094,Otero,Governor and Lieutenant Governor
MICHELLE LUJAN GRISHAM AND HOWIE C MORALES,1142,Quay,Governor and Lieutenant Governor
STEVE PEARCE AND MICHELLE GARCIA HOLMES,1935,Quay,Governor and Lieutenant Governor
Total Votes,3077,Quay,Governor and Lieutenant Governor
MICHELLE LUJAN GRISHAM AND HOWIE C MORALES,9319,Rio Arriba,Governor and Lieutenant Governor
STEVE PEARCE AND MICHELLE GARCIA HOLMES,3447,Rio Arriba,Governor and Lieutenant Governor
Total Votes,12766,Rio Arriba,Governor and Lieutenant Governor
MICHELLE LUJAN GRISHAM AND HOWIE C MORALES,1429,Roosevelt,Governor and Lieutenant Governor
STEVE PEARCE AND MICHELLE GARCIA HOLMES,3220,Roosevelt,Governor and Lieutenant Governor
Total Votes,4649,Roosevelt,Governor and Lieutenant Governor
MICHELLE LUJAN GRISHAM AND HOWIE C MORALES,13336,San Juan,Governor and Lieutenant Governor
STEVE PEARCE AND MICHELLE GARCIA HOLMES,23937,San Juan,Governor and Lieutenant Governor
Total Votes,37273,San Juan,Governor and Lieutenant Governor
MICHELLE LUJAN GRISHAM AND HOWIE C MORALES,7001,San Miguel,Governor and Lieutenant Governor
STEVE PEARCE AND MICHELLE GARCIA HOLMES,2237,San Miguel,Governor and Lieutenant Governor
Total Votes,9238,San Miguel,Governor and Lieutenant Governor
MICHELLE LUJAN GRISHAM AND HOWIE C MORALES,30236,Sandoval,Governor and Lieutenant Governor
STEVE PEARCE AND MICHELLE GARCIA HOLMES,24709,Sandoval,Governor and Lieutenant Governor
Total Votes,54945,Sandoval,Governor and Lieutenant Governor
MICHELLE LUJAN GRISHAM AND HOWIE C MORALES,52301,Santa Fe,Governor and Lieutenant Governor
STEVE PEARCE AND MICHELLE GARCIA HOLMES,14259,Santa Fe,Governor and Lieutenant Governor
Total Votes,66560,Santa Fe,Governor and Lieutenant Governor
MICHELLE LUJAN GRISHAM AND HOWIE C MORALES,1880,Sierra,Governor and Lieutenant Governor
STEVE PEARCE AND MICHELLE GARCIA HOLMES,2843,Sierra,Governor and Lieutenant Governor
Total Votes,4723,Sierra,Governor and Lieutenant Governor
MICHELLE LUJAN GRISHAM AND HOWIE C MORALES,3601,Socorro,Governor and Lieutenant Governor
STEVE PEARCE AND MICHELLE GARCIA HOLMES,2658,Socorro,Governor and Lieutenant Governor
Total Votes,6259,Socorro,Governor and Lieutenant Governor
MICHELLE LUJAN GRISHAM AND HOWIE C MORALES,11811,Taos,Governor and Lieutenant Governor
STEVE PEARCE AND MICHELLE GARCIA HOLMES,2687,Taos,Governor and Lieutenant Governor
Total Votes,14498,Taos,Governor and Lieutenant Governor
MICHELLE LUJAN GRISHAM AND HOWIE C MORALES,2045,Torrance,Governor and Lieutenant Governor
STEVE PEARCE AND MICHELLE GARCIA HOLMES,3315,Torrance,Governor and Lieutenant Governor
Total Votes,5360,Torrance,Governor and Lieutenant Governor
MICHELLE LUJAN GRISHAM AND HOWIE C MORALES,412,Union,Governor and Lieutenant Governor
STEVE PEARCE AND MICHELLE GARCIA HOLMES,1049,Union,Governor and Lieutenant Governor
Total Votes,1461,Union,Governor and Lieutenant Governor
MICHELLE LUJAN GRISHAM AND HOWIE C MORALES,10696,Valencia,Governor and Lieutenant Governor
STEVE PEARCE AND MICHELLE GARCIA HOLMES,11720,Valencia,Governor and Lieutenant Governor
Total Votes,22416,Valencia,Governor and Lieutenant Governor
MAGGIE TOULOUSE OLIVER,149774,Bernalillo,Secretary of State
GINGER G GRIDER,10928,Bernalillo,Secretary of State
GAVIN S CLARKSON,75293,Bernalillo,Secretary of State
Total Votes,235995,Bernalillo,Secretary of State
MAGGIE TOULOUSE OLIVER,545,Catron,Secretary of State
GINGER G GRIDER,91,Catron,Secretary of State
GAVIN S CLARKSON,1176,Catron,Secretary of State
Total Votes,1812,Catron,Secretary of State
MAGGIE TOULOUSE OLIVER,5477,Chaves,Secretary of State
GINGER G GRIDER,789,Chaves,Secretary of State
GAVIN S CLARKSON,10258,Chaves,Secretary of State
Total Votes,16524,Chaves,Secretary of State
MAGGIE TOULOUSE OLIVER,4200,Cibola,Secretary of State
GINGER G GRIDER,463,Cibola,Secretary of State
GAVIN S CLARKSON,2324,Cibola,Secretary of State
Total Votes,6987,Cibola,Secretary of State
MAGGIE TOULOUSE OLIVER,2345,Colfax,Secretary of State
GINGER G GRIDER,242,Colfax,Secretary of State
GAVIN S CLARKSON,2040,Colfax,Secretary of State
Total Votes,4627,Colfax,Secretary of State
MAGGIE TOULOUSE OLIVER,2930,Curry,Secretary of State
GINGER G GRIDER,565,Curry,Secretary of State
GAVIN S CLARKSON,6600,Curry,Secretary of State
Total Votes,10095,Curry,Secretary of State
MAGGIE TOULOUSE OLIVER,287,De Baca,Secretary of State
GINGER G GRIDER,52,De Baca,Secretary of State
GAVIN S CLARKSON,441,De Baca,Secretary of State
Total Votes,780,De Baca,Secretary of State
MAGGIE TOULOUSE OLIVER,34448,Dona Ana,Secretary of State
GINGER G GRIDER,3569,Dona Ana,Secretary of State
GAVIN S CLARKSON,21492,Dona Ana,Secretary of State
Total Votes,59509,Dona Ana,Secretary of State
MAGGIE TOULOUSE OLIVER,4869,Eddy,Secretary of State
GINGER G GRIDER,700,Eddy,Secretary of State
GAVIN S CLARKSON,10074,Eddy,Secretary of State
Total Votes,15643,Eddy,Secretary of State
MAGGIE TOULOUSE OLIVER,6999,Grant,Secretary of State
GINGER G GRIDER,553,Grant,Secretary of State
GAVIN S CLARKSON,4140,Grant,Secretary of State
Total Votes,11692,Grant,Secretary of State
MAGGIE TOULOUSE OLIVER,1151,Guadalupe,Secretary of State
GINGER G GRIDER,85,Guadalupe,Secretary of State
GAVIN S CLARKSON,411,Guadalupe,Secretary of State
Total Votes,1647,Guadalupe,Secretary of State
MAGGIE TOULOUSE OLIVER,200,Harding,Secretary of State
GINGER G GRIDER,17,Harding,Secretary of State
GAVIN S CLARKSON,247,Harding,Secretary of State
Total Votes,464,Harding,Secretary of State
MAGGIE TOULOUSE OLIVER,819,Hidalgo,Secretary of State
GINGER G GRIDER,53,Hidalgo,Secretary of State
GAVIN S CLARKSON,677,Hidalgo,Secretary of State
Total Votes,1549,Hidalgo,Secretary of State
MAGGIE TOULOUSE OLIVER,3398,Lea,Secretary of State
GINGER G GRIDER,565,Lea,Secretary of State
GAVIN S CLARKSON,9796,Lea,Secretary of State
Total Votes,13759,Lea,Secretary of State
MAGGIE TOULOUSE OLIVER,2573,Lincoln,Secretary of State
GINGER G GRIDER,423,Lincoln,Secretary of State
GAVIN S CLARKSON,4794,Lincoln,Secretary of State
Total Votes,7790,Lincoln,Secretary of State
MAGGIE TOULOUSE OLIVER,5778,Los Alamos,Secretary of State
GINGER G GRIDER,784,Los Alamos,Secretary of State
GAVIN S CLARKSON,3482,Los Alamos,Secretary of State
Total Votes,10044,Los Alamos,Secretary of State
MAGGIE TOULOUSE OLIVER,3043,Luna,Secretary of State
GINGER G GRIDER,351,Luna,Secretary of State
GAVIN S CLARKSON,2673,Luna,Secretary of State
Total Votes,6067,Luna,Secretary of State
MAGGIE TOULOUSE OLIVER,12467,McKinley,Secretary of State
GINGER G GRIDER,1166,McKinley,Secretary of State
GAVIN S CLARKSON,4003,McKinley,Secretary of State
Total Votes,17636,McKinley,Secretary of State
MAGGIE TOULOUSE OLIVER,1664,Mora,Secretary of State
GINGER G GRIDER,91,Mora,Secretary of State
GAVIN S CLARKSON,512,Mora,Secretary of State
Total Votes,2267,Mora,Secretary of State
MAGGIE TOULOUSE OLIVER,6393,Otero,Secretary of State
GINGER G GRIDER,950,Otero,Secretary of State
GAVIN S CLARKSON,9650,Otero,Secretary of State
Total Votes,16993,Otero,Secretary of State
MAGGIE TOULOUSE OLIVER,1114,Quay,Secretary of State
GINGER G GRIDER,160,Quay,Secretary of State
GAVIN S CLARKSON,1754,Quay,Secretary of State
Total Votes,3028,Quay,Secretary of State
MAGGIE TOULOUSE OLIVER,9456,Rio Arriba,Secretary of State
GINGER G GRIDER,527,Rio Arriba,Secretary of State
GAVIN S CLARKSON,2562,Rio Arriba,Secretary of State
Total Votes,12545,Rio Arriba,Secretary of State
MAGGIE TOULOUSE OLIVER,1321,Roosevelt,Secretary of State
GINGER G GRIDER,364,Roosevelt,Secretary of State
GAVIN S CLARKSON,2918,Roosevelt,Secretary of State
Total Votes,4603,Roosevelt,Secretary of State
MAGGIE TOULOUSE OLIVER,13170,San Juan,Secretary of State
GINGER G GRIDER,2260,San Juan,Secretary of State
GAVIN S CLARKSON,21504,San Juan,Secretary of State
Total Votes,36934,San Juan,Secretary of State
MAGGIE TOULOUSE OLIVER,7076,San Miguel,Secretary of State
GINGER G GRIDER,316,San Miguel,Secretary of State
GAVIN S CLARKSON,1757,San Miguel,Secretary of State
Total Votes,9149,San Miguel,Secretary of State
MAGGIE TOULOUSE OLIVER,30072,Sandoval,Secretary of State
GINGER G GRIDER,2774,Sandoval,Secretary of State
GAVIN S CLARKSON,21809,Sandoval,Secretary of State
Total Votes,54655,Sandoval,Secretary of State
MAGGIE TOULOUSE OLIVER,51719,Santa Fe,Secretary of State
GINGER G GRIDER,2334,Santa Fe,Secretary of State
GAVIN S CLARKSON,12184,Santa Fe,Secretary of State
Total Votes,66237,Santa Fe,Secretary of State
MAGGIE TOULOUSE OLIVER,1958,Sierra,Secretary of State
GINGER G GRIDER,281,Sierra,Secretary of State
GAVIN S CLARKSON,2453,Sierra,Secretary of State
Total Votes,4692,Sierra,Secretary of State
MAGGIE TOULOUSE OLIVER,3572,Socorro,Secretary of State
GINGER G GRIDER,433,Socorro,Secretary of State
GAVIN S CLARKSON,2131,Socorro,Secretary of State
Total Votes,6136,Socorro,Secretary of State
MAGGIE TOULOUSE OLIVER,11630,Taos,Secretary of State
GINGER G GRIDER,560,Taos,Secretary of State
GAVIN S CLARKSON,2172,Taos,Secretary of State
Total Votes,14362,Taos,Secretary of State
MAGGIE TOULOUSE OLIVER,2098,Torrance,Secretary of State
GINGER G GRIDER,320,Torrance,Secretary of State
GAVIN S CLARKSON,2895,Torrance,Secretary of State
Total Votes,5313,Torrance,Secretary of State
MAGGIE TOULOUSE OLIVER,394,Union,Secretary of State
GINGER G GRIDER,74,Union,Secretary of State
GAVIN S CLARKSON,964,Union,Secretary of State
Total Votes,1432,Union,Secretary of State
MAGGIE TOULOUSE OLIVER,11140,Valencia,Secretary of State
GINGER G GRIDER,1331,Valencia,Secretary of State
GAVIN S CLARKSON,9820,Valencia,Secretary of State
Total Votes,22291,Valencia,Secretary of State
BRIAN S COLÓN,145375,Bernalillo,State Auditor
WAYNE A JOHNSON,88781,Bernalillo,State Auditor
Total Votes,234156,Bernalillo,State Auditor
BRIAN S COLÓN,523,Catron,State Auditor
WAYNE A JOHNSON,1285,Catron,State Auditor
Total Votes,1808,Catron,State Auditor
BRIAN S COLÓN,5531,Chaves,State Auditor
WAYNE A JOHNSON,10955,Chaves,State Auditor
Total Votes,16486,Chaves,State Auditor
BRIAN S COLÓN,4315,Cibola,State Auditor
WAYNE A JOHNSON,2674,Cibola,State Auditor
Total Votes,6989,Cibola,State Auditor
BRIAN S COLÓN,2347,Colfax,State Auditor
WAYNE A JOHNSON,2282,Colfax,State Auditor
Total Votes,4629,Colfax,State Auditor
BRIAN S COLÓN,2919,Curry,State Auditor
WAYNE A JOHNSON,7137,Curry,State Auditor
Total Votes,10056,Curry,State Auditor
BRIAN S COLÓN,270,De Baca,State Auditor
WAYNE A JOHNSON,501,De Baca,State Auditor
Total Votes,771,De Baca,State Auditor
BRIAN S COLÓN,35132,Dona Ana,State Auditor
WAYNE A JOHNSON,24048,Dona Ana,State Auditor
Total Votes,59180,Dona Ana,State Auditor
BRIAN S COLÓN,4991,Eddy,State Auditor
WAYNE A JOHNSON,10622,Eddy,State Auditor
Total Votes,15613,Eddy,State Auditor
BRIAN S COLÓN,7004,Grant,State Auditor
WAYNE A JOHNSON,4652,Grant,State Auditor
Total Votes,11656,Grant,State Auditor
BRIAN S COLÓN,1178,Guadalupe,State Auditor
WAYNE A JOHNSON,472,Guadalupe,State Auditor
Total Votes,1650,Guadalupe,State Auditor
BRIAN S COLÓN,208,Harding,State Auditor
WAYNE A JOHNSON,257,Harding,State Auditor
Total Votes,465,Harding,State Auditor
BRIAN S COLÓN,780,Hidalgo,State Auditor
WAYNE A JOHNSON,765,Hidalgo,State Auditor
Total Votes,1545,Hidalgo,State Auditor
BRIAN S COLÓN,3541,Lea,State Auditor
WAYNE A JOHNSON,10167,Lea,State Auditor
Total Votes,13708,Lea,State Auditor
BRIAN S COLÓN,2624,Lincoln,State Auditor
WAYNE A JOHNSON,5134,Lincoln,State Auditor
Total Votes,7758,Lincoln,State Auditor
BRIAN S COLÓN,5744,Los Alamos,State Auditor
WAYNE A JOHNSON,4159,Los Alamos,State Auditor
Total Votes,9903,Los Alamos,State Auditor
BRIAN S COLÓN,3053,Luna,State Auditor
WAYNE A JOHNSON,3000,Luna,State Auditor
Total Votes,6053,Luna,State Auditor
BRIAN S COLÓN,12016,McKinley,State Auditor
WAYNE A JOHNSON,5549,McKinley,State Auditor
Total Votes,17565,McKinley,State Auditor
BRIAN S COLÓN,1689,Mora,State Auditor
WAYNE A JOHNSON,596,Mora,State Auditor
Total Votes,2285,Mora,State Auditor
BRIAN S COLÓN,6425,Otero,State Auditor
WAYNE A JOHNSON,10502,Otero,State Auditor
Total Votes,16927,Otero,State Auditor
BRIAN S COLÓN,1099,Quay,State Auditor
WAYNE A JOHNSON,1924,Quay,State Auditor
Total Votes,3023,Quay,State Auditor
BRIAN S COLÓN,9634,Rio Arriba,State Auditor
WAYNE A JOHNSON,2915,Rio Arriba,State Auditor
Total Votes,12549,Rio Arriba,State Auditor
BRIAN S COLÓN,1370,Roosevelt,State Auditor
WAYNE A JOHNSON,3216,Roosevelt,State Auditor
Total Votes,4586,Roosevelt,State Auditor
BRIAN S COLÓN,12975,San Juan,State Auditor
WAYNE A JOHNSON,23835,San Juan,State Auditor
Total Votes,36810,San Juan,State Auditor
BRIAN S COLÓN,7126,San Miguel,State Auditor
WAYNE A JOHNSON,2021,San Miguel,State Auditor
Total Votes,9147,San Miguel,State Auditor
BRIAN S COLÓN,29995,Sandoval,State Auditor
WAYNE A JOHNSON,24447,Sandoval,State Auditor
Total Votes,54442,Sandoval,State Auditor
BRIAN S COLÓN,51465,Santa Fe,State Auditor
WAYNE A JOHNSON,14415,Santa Fe,State Auditor
Total Votes,65880,Santa Fe,State Auditor
BRIAN S COLÓN,1964,Sierra,State Auditor
WAYNE A JOHNSON,2714,Sierra,State Auditor
Total Votes,4678,Sierra,State Auditor
BRIAN S COLÓN,3576,Socorro,State Auditor
WAYNE A JOHNSON,2517,Socorro,State Auditor
Total Votes,6093,Socorro,State Auditor
BRIAN S COLÓN,11736,Taos,State Auditor
WAYNE A JOHNSON,2568,Taos,State Auditor
Total Votes,14304,Taos,State Auditor
BRIAN S COLÓN,2070,Torrance,State Auditor
WAYNE A JOHNSON,3243,Torrance,State Auditor
Total Votes,5313,Torrance,State Auditor
BRIAN S COLÓN,380,Union,State Auditor
WAYNE A JOHNSON,1035,Union,State Auditor
Total Votes,1415,Union,State Auditor
BRIAN S COLÓN,11563,Valencia,State Auditor
WAYNE A JOHNSON,10742,Valencia,State Auditor
Total Votes,22305,Valencia,State Auditor
TIM EICHENBERG,147690,Bernalillo,State Treasurer
ARTHUR L CASTILLO,83720,Bernalillo,State Treasurer
Total Votes,231410,Bernalillo,State Treasurer
TIM EICHENBERG,536,Catron,State Treasurer
ARTHUR L CASTILLO,1258,Catron,State Treasurer
Total Votes,1794,Catron,State Treasurer
TIM EICHENBERG,5404,Chaves,State Treasurer
ARTHUR L CASTILLO,11001,Chaves,State Treasurer
Total Votes,16405,Chaves,State Treasurer
TIM EICHENBERG,4142,Cibola,State Treasurer
ARTHUR L CASTILLO,2773,Cibola,State Treasurer
Total Votes,6915,Cibola,State Treasurer
TIM EICHENBERG,2251,Colfax,State Treasurer
ARTHUR L CASTILLO,2330,Colfax,State Treasurer
Total Votes,4581,Colfax,State Treasurer
TIM EICHENBERG,3250,Curry,State Treasurer
ARTHUR L CASTILLO,6765,Curry,State Treasurer
Total Votes,10015,Curry,State Treasurer
TIM EICHENBERG,289,De Baca,State Treasurer
ARTHUR L CASTILLO,468,De Baca,State Treasurer
Total Votes,757,De Baca,State Treasurer
TIM EICHENBERG,35059,Dona Ana,State Treasurer
ARTHUR L CASTILLO,24062,Dona Ana,State Treasurer
Total Votes,59121,Dona Ana,State Treasurer
TIM EICHENBERG,4883,Eddy,State Treasurer
ARTHUR L CASTILLO,10606,Eddy,State Treasurer
Total Votes,15489,Eddy,State Treasurer
TIM EICHENBERG,6797,Grant,State Treasurer
ARTHUR L CASTILLO,4759,Grant,State Treasurer
Total Votes,11556,Grant,State Treasurer
TIM EICHENBERG,985,Guadalupe,State Treasurer
ARTHUR L CASTILLO,630,Guadalupe,State Treasurer
Total Votes,1615,Guadalupe,State Treasurer
TIM EICHENBERG,186,Harding,State Treasurer
ARTHUR L CASTILLO,268,Harding,State Treasurer
Total Votes,454,Harding,State Treasurer
TIM EICHENBERG,765,Hidalgo,State Treasurer
ARTHUR L CASTILLO,765,Hidalgo,State Treasurer
Total Votes,1530,Hidalgo,State Treasurer
TIM EICHENBERG,3503,Lea,State Treasurer
ARTHUR L CASTILLO,10136,Lea,State Treasurer
Total Votes,13639,Lea,State Treasurer
TIM EICHENBERG,2622,Lincoln,State Treasurer
ARTHUR L CASTILLO,5090,Lincoln,State Treasurer
Total Votes,7712,Lincoln,State Treasurer
TIM EICHENBERG,6009,Los Alamos,State Treasurer
ARTHUR L CASTILLO,3778,Los Alamos,State Treasurer
Total Votes,9787,Los Alamos,State Treasurer
TIM EICHENBERG,2953,Luna,State Treasurer
ARTHUR L CASTILLO,3051,Luna,State Treasurer
Total Votes,6004,Luna,State Treasurer
TIM EICHENBERG,12411,McKinley,State Treasurer
ARTHUR L CASTILLO,4957,McKinley,State Treasurer
Total Votes,17368,McKinley,State Treasurer
TIM EICHENBERG,1479,Mora,State Treasurer
ARTHUR L CASTILLO,748,Mora,State Treasurer
Total Votes,2227,Mora,State Treasurer
TIM EICHENBERG,6263,Otero,State Treasurer
ARTHUR L CASTILLO,10520,Otero,State Treasurer
Total Votes,16783,Otero,State Treasurer
TIM EICHENBERG,1120,Quay,State Treasurer
ARTHUR L CASTILLO,1888,Quay,State Treasurer
Total Votes,3008,Quay,State Treasurer
TIM EICHENBERG,8883,Rio Arriba,State Treasurer
ARTHUR L CASTILLO,3493,Rio Arriba,State Treasurer
Total Votes,12376,Rio Arriba,State Treasurer
TIM EICHENBERG,1481,Roosevelt,State Treasurer
ARTHUR L CASTILLO,3074,Roosevelt,State Treasurer
Total Votes,4555,Roosevelt,State Treasurer
TIM EICHENBERG,13241,San Juan,State Treasurer
ARTHUR L CASTILLO,23286,San Juan,State Treasurer
Total Votes,36527,San Juan,State Treasurer
TIM EICHENBERG,6561,San Miguel,State Treasurer
ARTHUR L CASTILLO,2501,San Miguel,State Treasurer
Total Votes,9062,San Miguel,State Treasurer
TIM EICHENBERG,30271,Sandoval,State Treasurer
ARTHUR L CASTILLO,23829,Sandoval,State Treasurer
Total Votes,54100,Sandoval,State Treasurer
TIM EICHENBERG,51144,Santa Fe,State Treasurer
ARTHUR L CASTILLO,14375,Santa Fe,State Treasurer
Total Votes,65519,Santa Fe,State Treasurer
TIM EICHENBERG,1991,Sierra,State Treasurer
ARTHUR L CASTILLO,2641,Sierra,State Treasurer
Total Votes,4632,Sierra,State Treasurer
TIM EICHENBERG,3355,Socorro,State Treasurer
ARTHUR L CASTILLO,2696,Socorro,State Treasurer
Total Votes,6051,Socorro,State Treasurer
TIM EICHENBERG,11031,Taos,State Treasurer
ARTHUR L CASTILLO,3180,Taos,State Treasurer
Total Votes,14211,Taos,State Treasurer
TIM EICHENBERG,2060,Torrance,State Treasurer
ARTHUR L CASTILLO,3207,Torrance,State Treasurer
Total Votes,5267,Torrance,State Treasurer
TIM EICHENBERG,419,Union,State Treasurer
ARTHUR L CASTILLO,1000,Union,State Treasurer
Total Votes,1419,Union,State Treasurer
TIM EICHENBERG,10833,Valencia,State Treasurer
ARTHUR L CASTILLO,11294,Valencia,State Treasurer
Total Votes,22127,Valencia,State Treasurer
HECTOR BALDERAS,159017,Bernalillo,Attorney General
A BLAIR DUNN,11021,Bernalillo,Attorney General
MICHAEL EUGENE HENDRICKS,65793,Bernalillo,Attorney General
Total Votes,235831,Bernalillo,Attorney General
HECTOR BALDERAS,632,Catron,Attorney General
A BLAIR DUNN,115,Catron,Attorney General
MICHAEL EUGENE HENDRICKS,1072,Catron,Attorney General
Total Votes,1819,Catron,Attorney General
HECTOR BALDERAS,6495,Chaves,Attorney General
A BLAIR DUNN,890,Chaves,Attorney General
MICHAEL EUGENE HENDRICKS,9202,Chaves,Attorney General
Total Votes,16587,Chaves,Attorney General
HECTOR BALDERAS,4769,Cibola,Attorney General
A BLAIR DUNN,303,Cibola,Attorney General
MICHAEL EUGENE HENDRICKS,1956,Cibola,Attorney General
Total Votes,7028,Cibola,Attorney General
HECTOR BALDERAS,2887,Colfax,Attorney General
A BLAIR DUNN,169,Colfax,Attorney General
MICHAEL EUGENE HENDRICKS,1611,Colfax,Attorney General
Total Votes,4667,Colfax,Attorney General
HECTOR BALDERAS,3084,Curry,Attorney General
A BLAIR DUNN,474,Curry,Attorney General
MICHAEL EUGENE HENDRICKS,6566,Curry,Attorney General
Total Votes,10124,Curry,Attorney General
HECTOR BALDERAS,365,De Baca,Attorney General
A BLAIR DUNN,42,De Baca,Attorney General
MICHAEL EUGENE HENDRICKS,378,De Baca,Attorney General
Total Votes,785,De Baca,Attorney General
HECTOR BALDERAS,34900,Dona Ana,Attorney General
A BLAIR DUNN,3523,Dona Ana,Attorney General
MICHAEL EUGENE HENDRICKS,21053,Dona Ana,Attorney General
Total Votes,59476,Dona Ana,Attorney General
HECTOR BALDERAS,5653,Eddy,Attorney General
A BLAIR DUNN,672,Eddy,Attorney General
MICHAEL EUGENE HENDRICKS,9376,Eddy,Attorney General
Total Votes,15701,Eddy,Attorney General
HECTOR BALDERAS,7527,Grant,Attorney General
A BLAIR DUNN,477,Grant,Attorney General
MICHAEL EUGENE HENDRICKS,3745,Grant,Attorney General
Total Votes,11749,Grant,Attorney General
HECTOR BALDERAS,1342,Guadalupe,Attorney General
A BLAIR DUNN,59,Guadalupe,Attorney General
MICHAEL EUGENE HENDRICKS,291,Guadalupe,Attorney General
Total Votes,1692,Guadalupe,Attorney General
HECTOR BALDERAS,269,Harding,Attorney General
A BLAIR DUNN,29,Harding,Attorney General
MICHAEL EUGENE HENDRICKS,173,Harding,Attorney General
Total Votes,471,Harding,Attorney General
HECTOR BALDERAS,900,Hidalgo,Attorney General
A BLAIR DUNN,71,Hidalgo,Attorney General
MICHAEL EUGENE HENDRICKS,611,Hidalgo,Attorney General
Total Votes,1582,Hidalgo,Attorney General
HECTOR BALDERAS,3929,Lea,Attorney General
A BLAIR DUNN,543,Lea,Attorney General
MICHAEL EUGENE HENDRICKS,9306,Lea,Attorney General
Total Votes,13778,Lea,Attorney General
HECTOR BALDERAS,3038,Lincoln,Attorney General
A BLAIR DUNN,451,Lincoln,Attorney General
MICHAEL EUGENE HENDRICKS,4337,Lincoln,Attorney General
Total Votes,7826,Lincoln,Attorney General
HECTOR BALDERAS,6142,Los Alamos,Attorney General
A BLAIR DUNN,863,Los Alamos,Attorney General
MICHAEL EUGENE HENDRICKS,3021,Los Alamos,Attorney General
Total Votes,10026,Los Alamos,Attorney General
HECTOR BALDERAS,3332,Luna,Attorney General
A BLAIR DUNN,297,Luna,Attorney General
MICHAEL EUGENE HENDRICKS,2480,Luna,Attorney General
Total Votes,6109,Luna,Attorney General
HECTOR BALDERAS,13023,McKinley,Attorney General
A BLAIR DUNN,862,McKinley,Attorney General
MICHAEL EUGENE HENDRICKS,3842,McKinley,Attorney General
Total Votes,17727,McKinley,Attorney General
HECTOR BALDERAS,1886,Mora,Attorney General
A BLAIR DUNN,54,Mora,Attorney General
MICHAEL EUGENE HENDRICKS,363,Mora,Attorney General
Total Votes,2303,Mora,Attorney General
HECTOR BALDERAS,7145,Otero,Attorney General
A BLAIR DUNN,1089,Otero,Attorney General
MICHAEL EUGENE HENDRICKS,8787,Otero,Attorney General
Total Votes,17021,Otero,Attorney General
HECTOR BALDERAS,1205,Quay,Attorney General
A BLAIR DUNN,171,Quay,Attorney General
MICHAEL EUGENE HENDRICKS,1680,Quay,Attorney General
Total Votes,3056,Quay,Attorney General
HECTOR BALDERAS,10277,Rio Arriba,Attorney General
A BLAIR DUNN,415,Rio Arriba,Attorney General
MICHAEL EUGENE HENDRICKS,1989,Rio Arriba,Attorney General
Total Votes,12681,Rio Arriba,Attorney General
HECTOR BALDERAS,1449,Roosevelt,Attorney General
A BLAIR DUNN,287,Roosevelt,Attorney General
MICHAEL EUGENE HENDRICKS,2868,Roosevelt,Attorney General
Total Votes,4604,Roosevelt,Attorney General
HECTOR BALDERAS,14773,San Juan,Attorney General
A BLAIR DUNN,1988,San Juan,Attorney General
MICHAEL EUGENE HENDRICKS,20256,San Juan,Attorney General
Total Votes,37017,San Juan,Attorney General
HECTOR BALDERAS,7556,San Miguel,Attorney General
A BLAIR DUNN,269,San Miguel,Attorney General
MICHAEL EUGENE HENDRICKS,1370,San Miguel,Attorney General
Total Votes,9195,San Miguel,Attorney General
HECTOR BALDERAS,33252,Sandoval,Attorney General
A BLAIR DUNN,2391,Sandoval,Attorney General
MICHAEL EUGENE HENDRICKS,19086,Sandoval,Attorney General
Total Votes,54729,Sandoval,Attorney General
HECTOR BALDERAS,52989,Santa Fe,Attorney General
A BLAIR DUNN,2627,Santa Fe,Attorney General
MICHAEL EUGENE HENDRICKS,10416,Santa Fe,Attorney General
Total Votes,66032,Santa Fe,Attorney General
HECTOR BALDERAS,2280,Sierra,Attorney General
A BLAIR DUNN,255,Sierra,Attorney General
MICHAEL EUGENE HENDRICKS,2172,Sierra,Attorney General
Total Votes,4707,Sierra,Attorney General
HECTOR BALDERAS,3978,Socorro,Attorney General
A BLAIR DUNN,343,Socorro,Attorney General
MICHAEL EUGENE HENDRICKS,1859,Socorro,Attorney General
Total Votes,6180,Socorro,Attorney General
HECTOR BALDERAS,12047,Taos,Attorney General
A BLAIR DUNN,566,Taos,Attorney General
MICHAEL EUGENE HENDRICKS,1813,Taos,Attorney General
Total Votes,14426,Taos,Attorney General
HECTOR BALDERAS,2601,Torrance,Attorney General
A BLAIR DUNN,300,Torrance,Attorney General
MICHAEL EUGENE HENDRICKS,2448,Torrance,Attorney General
Total Votes,5349,Torrance,Attorney General
HECTOR BALDERAS,441,Union,Attorney General
A BLAIR DUNN,69,Union,Attorney General
MICHAEL EUGENE HENDRICKS,922,Union,Attorney General
Total Votes,1432,Union,Attorney General
HECTOR BALDERAS,13025,Valencia,Attorney General
A BLAIR DUNN,953,Valencia,Attorney General
MICHAEL EUGENE HENDRICKS,8425,Valencia,Attorney General
Total Votes,22403,Valencia,Attorney General
STEPHANIE GARCIA RICHARD,129492,Bernalillo,Commissioner of Public Lands
MICHAEL G LUCERO,13283,Bernalillo,Commissioner of Public Lands
PATRICK H LYONS,91876,Bernalillo,Commissioner of Public Lands
Total Votes,234651,Bernalillo,Commissioner of Public Lands
STEPHANIE GARCIA RICHARD,430,Catron,Commissioner of Public Lands
MICHAEL G LUCERO,99,Catron,Commissioner of Public Lands
PATRICK H LYONS,1295,Catron,Commissioner of Public Lands
Total Votes,1824,Catron,Commissioner of Public Lands
STEPHANIE GARCIA RICHARD,4541,Chaves,Commissioner of Public Lands
MICHAEL G LUCERO,943,Chaves,Commissioner of Public Lands
PATRICK H LYONS,11062,Chaves,Commissioner of Public Lands
Total Votes,16546,Chaves,Commissioner of Public Lands
STEPHANIE GARCIA RICHARD,3528,Cibola,Commissioner of Public Lands
MICHAEL G LUCERO,535,Cibola,Commissioner of Public Lands
PATRICK H LYONS,2919,Cibola,Commissioner of Public Lands
Total Votes,6982,Cibola,Commissioner of Public Lands
STEPHANIE GARCIA RICHARD,1898,Colfax,Commissioner of Public Lands
MICHAEL G LUCERO,272,Colfax,Commissioner of Public Lands
PATRICK H LYONS,2485,Colfax,Commissioner of Public Lands
Total Votes,4655,Colfax,Commissioner of Public Lands
STEPHANIE GARCIA RICHARD,2617,Curry,Commissioner of Public Lands
MICHAEL G LUCERO,464,Curry,Commissioner of Public Lands
PATRICK H LYONS,7060,Curry,Commissioner of Public Lands
Total Votes,10141,Curry,Commissioner of Public Lands
STEPHANIE GARCIA RICHARD,172,De Baca,Commissioner of Public Lands
MICHAEL G LUCERO,60,De Baca,Commissioner of Public Lands
PATRICK H LYONS,557,De Baca,Commissioner of Public Lands
Total Votes,789,De Baca,Commissioner of Public Lands
STEPHANIE GARCIA RICHARD,33460,Dona Ana,Commissioner of Public Lands
MICHAEL G LUCERO,3629,Dona Ana,Commissioner of Public Lands
PATRICK H LYONS,22311,Dona Ana,Commissioner of Public Lands
Total Votes,59400,Dona Ana,Commissioner of Public Lands
STEPHANIE GARCIA RICHARD,4094,Eddy,Commissioner of Public Lands
MICHAEL G LUCERO,713,Eddy,Commissioner of Public Lands
PATRICK H LYONS,10854,Eddy,Commissioner of Public Lands
Total Votes,15661,Eddy,Commissioner of Public Lands
STEPHANIE GARCIA RICHARD,6347,Grant,Commissioner of Public Lands
MICHAEL G LUCERO,601,Grant,Commissioner of Public Lands
PATRICK H LYONS,4737,Grant,Commissioner of Public Lands
Total Votes,11685,Grant,Commissioner of Public Lands
STEPHANIE GARCIA RICHARD,823,Guadalupe,Commissioner of Public Lands
MICHAEL G LUCERO,142,Guadalupe,Commissioner of Public Lands
PATRICK H LYONS,708,Guadalupe,Commissioner of Public Lands
Total Votes,1673,Guadalupe,Commissioner of Public Lands
STEPHANIE GARCIA RICHARD,137,Harding,Commissioner of Public Lands
MICHAEL G LUCERO,25,Harding,Commissioner of Public Lands
PATRICK H LYONS,313,Harding,Commissioner of Public Lands
Total Votes,475,Harding,Commissioner of Public Lands
STEPHANIE GARCIA RICHARD,703,Hidalgo,Commissioner of Public Lands
MICHAEL G LUCERO,101,Hidalgo,Commissioner of Public Lands
PATRICK H LYONS,737,Hidalgo,Commissioner of Public Lands
Total Votes,1541,Hidalgo,Commissioner of Public Lands
STEPHANIE GARCIA RICHARD,2942,Lea,Commissioner of Public Lands
MICHAEL G LUCERO,629,Lea,Commissioner of Public Lands
PATRICK H LYONS,10193,Lea,Commissioner of Public Lands
Total Votes,13764,Lea,Commissioner of Public Lands
STEPHANIE GARCIA RICHARD,2129,Lincoln,Commissioner of Public Lands
MICHAEL G LUCERO,444,Lincoln,Commissioner of Public Lands
PATRICK H LYONS,5223,Lincoln,Commissioner of Public Lands
Total Votes,7796,Lincoln,Commissioner of Public Lands
STEPHANIE GARCIA RICHARD,5769,Los Alamos,Commissioner of Public Lands
MICHAEL G LUCERO,585,Los Alamos,Commissioner of Public Lands
PATRICK H LYONS,3751,Los Alamos,Commissioner of Public Lands
Total Votes,10105,Los Alamos,Commissioner of Public Lands
STEPHANIE GARCIA RICHARD,2606,Luna,Commissioner of Public Lands
MICHAEL G LUCERO,374,Luna,Commissioner of Public Lands
PATRICK H LYONS,3099,Luna,Commissioner of Public Lands
Total Votes,6079,Luna,Commissioner of Public Lands
STEPHANIE GARCIA RICHARD,11102,McKinley,Commissioner of Public Lands
MICHAEL G LUCERO,1477,McKinley,Commissioner of Public Lands
PATRICK H LYONS,5015,McKinley,Commissioner of Public Lands
Total Votes,17594,McKinley,Commissioner of Public Lands
STEPHANIE GARCIA RICHARD,1493,Mora,Commissioner of Public Lands
MICHAEL G LUCERO,156,Mora,Commissioner of Public Lands
PATRICK H LYONS,633,Mora,Commissioner of Public Lands
Total Votes,2282,Mora,Commissioner of Public Lands
STEPHANIE GARCIA RICHARD,5498,Otero,Commissioner of Public Lands
MICHAEL G LUCERO,1011,Otero,Commissioner of Public Lands
PATRICK H LYONS,10480,Otero,Commissioner of Public Lands
Total Votes,16989,Otero,Commissioner of Public Lands
STEPHANIE GARCIA RICHARD,881,Quay,Commissioner of Public Lands
MICHAEL G LUCERO,184,Quay,Commissioner of Public Lands
PATRICK H LYONS,2001,Quay,Commissioner of Public Lands
Total Votes,3066,Quay,Commissioner of Public Lands
STEPHANIE GARCIA RICHARD,8158,Rio Arriba,Commissioner of Public Lands
MICHAEL G LUCERO,696,Rio Arriba,Commissioner of Public Lands
PATRICK H LYONS,3718,Rio Arriba,Commissioner of Public Lands
Total Votes,12572,Rio Arriba,Commissioner of Public Lands
STEPHANIE GARCIA RICHARD,1213,Roosevelt,Commissioner of Public Lands
MICHAEL G LUCERO,267,Roosevelt,Commissioner of Public Lands
PATRICK H LYONS,3128,Roosevelt,Commissioner of Public Lands
Total Votes,4608,Roosevelt,Commissioner of Public Lands
STEPHANIE GARCIA RICHARD,11205,San Juan,Commissioner of Public Lands
MICHAEL G LUCERO,2549,San Juan,Commissioner of Public Lands
PATRICK H LYONS,23182,San Juan,Commissioner of Public Lands
Total Votes,36936,San Juan,Commissioner of Public Lands
STEPHANIE GARCIA RICHARD,6329,San Miguel,Commissioner of Public Lands
MICHAEL G LUCERO,507,San Miguel,Commissioner of Public Lands
PATRICK H LYONS,2326,San Miguel,Commissioner of Public Lands
Total Votes,9162,San Miguel,Commissioner of Public Lands
STEPHANIE GARCIA RICHARD,26388,Sandoval,Commissioner of Public Lands
MICHAEL G LUCERO,3402,Sandoval,Commissioner of Public Lands
PATRICK H LYONS,24734,Sandoval,Commissioner of Public Lands
Total Votes,54524,Sandoval,Commissioner of Public Lands
STEPHANIE GARCIA RICHARD,47356,Santa Fe,Commissioner of Public Lands
MICHAEL G LUCERO,2704,Santa Fe,Commissioner of Public Lands
PATRICK H LYONS,16016,Santa Fe,Commissioner of Public Lands
Total Votes,66076,Santa Fe,Commissioner of Public Lands
STEPHANIE GARCIA RICHARD,1617,Sierra,Commissioner of Public Lands
MICHAEL G LUCERO,261,Sierra,Commissioner of Public Lands
PATRICK H LYONS,2827,Sierra,Commissioner of Public Lands
Total Votes,4705,Sierra,Commissioner of Public Lands
STEPHANIE GARCIA RICHARD,3052,Socorro,Commissioner of Public Lands
MICHAEL G LUCERO,504,Socorro,Commissioner of Public Lands
PATRICK H LYONS,2567,Socorro,Commissioner of Public Lands
Total Votes,6123,Socorro,Commissioner of Public Lands
STEPHANIE GARCIA RICHARD,10670,Taos,Commissioner of Public Lands
MICHAEL G LUCERO,813,Taos,Commissioner of Public Lands
PATRICK H LYONS,2874,Taos,Commissioner of Public Lands
Total Votes,14357,Taos,Commissioner of Public Lands
STEPHANIE GARCIA RICHARD,1618,Torrance,Commissioner of Public Lands
MICHAEL G LUCERO,372,Torrance,Commissioner of Public Lands
PATRICK H LYONS,3319,Torrance,Commissioner of Public Lands
Total Votes,5309,Torrance,Commissioner of Public Lands
STEPHANIE GARCIA RICHARD,294,Union,Commissioner of Public Lands
MICHAEL G LUCERO,64,Union,Commissioner of Public Lands
PATRICK H LYONS,1091,Union,Commissioner of Public Lands
Total Votes,1449,Union,Commissioner of Public Lands
STEPHANIE GARCIA RICHARD,9278,Valencia,Commissioner of Public Lands
MICHAEL G LUCERO,1491,Valencia,Commissioner of Public Lands
PATRICK H LYONS,11542,Valencia,Commissioner of Public Lands
Total Votes,22311,Valencia,Commissioner of Public Lands
MICHAEL E VIGIL,146266,Bernalillo,Justice of the Supreme Court
GARY L CLINGMAN,85793,Bernalillo,Justice of the Supreme Court
Total Votes,232059,Bernalillo,Justice of the Supreme Court
MICHAEL E VIGIL,557,Catron,Justice of the Supreme Court
GARY L CLINGMAN,1240,Catron,Justice of the Supreme Court
Total Votes,1797,Catron,Justice of the Supreme Court
MICHAEL E VIGIL,5762,Chaves,Justice of the Supreme Court
GARY L CLINGMAN,10683,Chaves,Justice of the Supreme Court
Total Votes,16445,Chaves,Justice of the Supreme Court
MICHAEL E VIGIL,4441,Cibola,Justice of the Supreme Court
GARY L CLINGMAN,2434,Cibola,Justice of the Supreme Court
Total Votes,6875,Cibola,Justice of the Supreme Court
MICHAEL E VIGIL,2410,Colfax,Justice of the Supreme Court
GARY L CLINGMAN,2161,Colfax,Justice of the Supreme Court
Total Votes,4571,Colfax,Justice of the Supreme Court
MICHAEL E VIGIL,3132,Curry,Justice of the Supreme Court
GARY L CLINGMAN,6915,Curry,Justice of the Supreme Court
Total Votes,10047,Curry,Justice of the Supreme Court
MICHAEL E VIGIL,276,De Baca,Justice of the Supreme Court
GARY L CLINGMAN,486,De Baca,Justice of the Supreme Court
Total Votes,762,De Baca,Justice of the Supreme Court
MICHAEL E VIGIL,36421,Dona Ana,Justice of the Supreme Court
GARY L CLINGMAN,22565,Dona Ana,Justice of the Supreme Court
Total Votes,58986,Dona Ana,Justice of the Supreme Court
MICHAEL E VIGIL,5110,Eddy,Justice of the Supreme Court
GARY L CLINGMAN,10414,Eddy,Justice of the Supreme Court
Total Votes,15524,Eddy,Justice of the Supreme Court
MICHAEL E VIGIL,7096,Grant,Justice of the Supreme Court
GARY L CLINGMAN,4474,Grant,Justice of the Supreme Court
Total Votes,11570,Grant,Justice of the Supreme Court
MICHAEL E VIGIL,1209,Guadalupe,Justice of the Supreme Court
GARY L CLINGMAN,411,Guadalupe,Justice of the Supreme Court
Total Votes,1620,Guadalupe,Justice of the Supreme Court
MICHAEL E VIGIL,200,Harding,Justice of the Supreme Court
GARY L CLINGMAN,243,Harding,Justice of the Supreme Court
Total Votes,443,Harding,Justice of the Supreme Court
MICHAEL E VIGIL,807,Hidalgo,Justice of the Supreme Court
GARY L CLINGMAN,727,Hidalgo,Justice of the Supreme Court
Total Votes,1534,Hidalgo,Justice of the Supreme Court
MICHAEL E VIGIL,3035,Lea,Justice of the Supreme Court
GARY L CLINGMAN,10711,Lea,Justice of the Supreme Court
Total Votes,13746,Lea,Justice of the Supreme Court
MICHAEL E VIGIL,2677,Lincoln,Justice of the Supreme Court
GARY L CLINGMAN,5040,Lincoln,Justice of the Supreme Court
Total Votes,7717,Lincoln,Justice of the Supreme Court
MICHAEL E VIGIL,5923,Los Alamos,Justice of the Supreme Court
GARY L CLINGMAN,3888,Los Alamos,Justice of the Supreme Court
Total Votes,9811,Los Alamos,Justice of the Supreme Court
MICHAEL E VIGIL,3153,Luna,Justice of the Supreme Court
GARY L CLINGMAN,2860,Luna,Justice of the Supreme Court
Total Votes,6013,Luna,Justice of the Supreme Court
MICHAEL E VIGIL,12888,McKinley,Justice of the Supreme Court
GARY L CLINGMAN,4301,McKinley,Justice of the Supreme Court
Total Votes,17189,McKinley,Justice of the Supreme Court
MICHAEL E VIGIL,1727,Mora,Justice of the Supreme Court
GARY L CLINGMAN,515,Mora,Justice of the Supreme Court
Total Votes,2242,Mora,Justice of the Supreme Court
MICHAEL E VIGIL,6606,Otero,Justice of the Supreme Court
GARY L CLINGMAN,10215,Otero,Justice of the Supreme Court
Total Votes,16821,Otero,Justice of the Supreme Court
MICHAEL E VIGIL,1185,Quay,Justice of the Supreme Court
GARY L CLINGMAN,1820,Quay,Justice of the Supreme Court
Total Votes,3005,Quay,Justice of the Supreme Court
MICHAEL E VIGIL,10024,Rio Arriba,Justice of the Supreme Court
GARY L CLINGMAN,2439,Rio Arriba,Justice of the Supreme Court
Total Votes,12463,Rio Arriba,Justice of the Supreme Court
MICHAEL E VIGIL,1458,Roosevelt,Justice of the Supreme Court
GARY L CLINGMAN,3108,Roosevelt,Justice of the Supreme Court
Total Votes,4566,Roosevelt,Justice of the Supreme Court
MICHAEL E VIGIL,13930,San Juan,Justice of the Supreme Court
GARY L CLINGMAN,22599,San Juan,Justice of the Supreme Court
Total Votes,36529,San Juan,Justice of the Supreme Court
MICHAEL E VIGIL,7279,San Miguel,Justice of the Supreme Court
GARY L CLINGMAN,1779,San Miguel,Justice of the Supreme Court
Total Votes,9058,San Miguel,Justice of the Supreme Court
MICHAEL E VIGIL,30383,Sandoval,Justice of the Supreme Court
GARY L CLINGMAN,23652,Sandoval,Justice of the Supreme Court
Total Votes,54035,Sandoval,Justice of the Supreme Court
MICHAEL E VIGIL,52880,Santa Fe,Justice of the Supreme Court
GARY L CLINGMAN,12588,Santa Fe,Justice of the Supreme Court
Total Votes,65468,Santa Fe,Justice of the Supreme Court
MICHAEL E VIGIL,1979,Sierra,Justice of the Supreme Court
GARY L CLINGMAN,2628,Sierra,Justice of the Supreme Court
Total Votes,4607,Sierra,Justice of the Supreme Court
MICHAEL E VIGIL,3710,Socorro,Justice of the Supreme Court
GARY L CLINGMAN,2341,Socorro,Justice of the Supreme Court
Total Votes,6051,Socorro,Justice of the Supreme Court
MICHAEL E VIGIL,11928,Taos,Justice of the Supreme Court
GARY L CLINGMAN,2245,Taos,Justice of the Supreme Court
Total Votes,14173,Taos,Justice of the Supreme Court
MICHAEL E VIGIL,2146,Torrance,Justice of the Supreme Court
GARY L CLINGMAN,3089,Torrance,Justice of the Supreme Court
Total Votes,5235,Torrance,Justice of the Supreme Court
MICHAEL E VIGIL,410,Union,Justice of the Supreme Court
GARY L CLINGMAN,1000,Union,Justice of the Supreme Court
Total Votes,1410,Union,Justice of the Supreme Court
MICHAEL E VIGIL,11435,Valencia,Justice of the Supreme Court
GARY L CLINGMAN,10658,Valencia,Justice of the Supreme Court
Total Votes,22093,Valencia,Justice of the Supreme Court
KRISTINA BOGARDUS,133802,Bernalillo,Judge of the Court of Appeals Position 1
STEPHEN G FRENCH,96926,Bernalillo,Judge of the Court of Appeals Position 1
Total Votes,230728,Bernalillo,Judge of the Court of Appeals Position 1
KRISTINA BOGARDUS,488,Catron,Judge of the Court of Appeals Position 1
STEPHEN G FRENCH,1293,Catron,Judge of the Court of Appeals Position 1
Total Votes,1781,Catron,Judge of the Court of Appeals Position 1
KRISTINA BOGARDUS,5160,Chaves,Judge of the Court of Appeals Position 1
STEPHEN G FRENCH,11239,Chaves,Judge of the Court of Appeals Position 1
Total Votes,16399,Chaves,Judge of the Court of Appeals Position 1
KRISTINA BOGARDUS,3994,Cibola,Judge of the Court of Appeals Position 1
STEPHEN G FRENCH,2859,Cibola,Judge of the Court of Appeals Position 1
Total Votes,6853,Cibola,Judge of the Court of Appeals Position 1
KRISTINA BOGARDUS,2172,Colfax,Judge of the Court of Appeals Position 1
STEPHEN G FRENCH,2386,Colfax,Judge of the Court of Appeals Position 1
Total Votes,4558,Colfax,Judge of the Court of Appeals Position 1
KRISTINA BOGARDUS,2977,Curry,Judge of the Court of Appeals Position 1
STEPHEN G FRENCH,7036,Curry,Judge of the Court of Appeals Position 1
Total Votes,10013,Curry,Judge of the Court of Appeals Position 1
KRISTINA BOGARDUS,234,De Baca,Judge of the Court of Appeals Position 1
STEPHEN G FRENCH,520,De Baca,Judge of the Court of Appeals Position 1
Total Votes,754,De Baca,Judge of the Court of Appeals Position 1
KRISTINA BOGARDUS,34763,Dona Ana,Judge of the Court of Appeals Position 1
STEPHEN G FRENCH,23991,Dona Ana,Judge of the Court of Appeals Position 1
Total Votes,58754,Dona Ana,Judge of the Court of Appeals Position 1
KRISTINA BOGARDUS,4706,Eddy,Judge of the Court of Appeals Position 1
STEPHEN G FRENCH,10756,Eddy,Judge of the Court of Appeals Position 1
Total Votes,15462,Eddy,Judge of the Court of Appeals Position 1
KRISTINA BOGARDUS,6693,Grant,Judge of the Court of Appeals Position 1
STEPHEN G FRENCH,4800,Grant,Judge of the Court of Appeals Position 1
Total Votes,11493,Grant,Judge of the Court of Appeals Position 1
KRISTINA BOGARDUS,1046,Guadalupe,Judge of the Court of Appeals Position 1
STEPHEN G FRENCH,546,Guadalupe,Judge of the Court of Appeals Position 1
Total Votes,1592,Guadalupe,Judge of the Court of Appeals Position 1
KRISTINA BOGARDUS,158,Harding,Judge of the Court of Appeals Position 1
STEPHEN G FRENCH,284,Harding,Judge of the Court of Appeals Position 1
Total Votes,442,Harding,Judge of the Court of Appeals Position 1
KRISTINA BOGARDUS,755,Hidalgo,Judge of the Court of Appeals Position 1
STEPHEN G FRENCH,772,Hidalgo,Judge of the Court of Appeals Position 1
Total Votes,1527,Hidalgo,Judge of the Court of Appeals Position 1
KRISTINA BOGARDUS,3338,Lea,Judge of the Court of Appeals Position 1
STEPHEN G FRENCH,10271,Lea,Judge of the Court of Appeals Position 1
Total Votes,13609,Lea,Judge of the Court of Appeals Position 1
KRISTINA BOGARDUS,2392,Lincoln,Judge of the Court of Appeals Position 1
STEPHEN G FRENCH,5299,Lincoln,Judge of the Court of Appeals Position 1
Total Votes,7691,Lincoln,Judge of the Court of Appeals Position 1
KRISTINA BOGARDUS,5204,Los Alamos,Judge of the Court of Appeals Position 1
STEPHEN G FRENCH,4480,Los Alamos,Judge of the Court of Appeals Position 1
Total Votes,9684,Los Alamos,Judge of the Court of Appeals Position 1
KRISTINA BOGARDUS,2854,Luna,Judge of the Court of Appeals Position 1
STEPHEN G FRENCH,3150,Luna,Judge of the Court of Appeals Position 1
Total Votes,6004,Luna,Judge of the Court of Appeals Position 1
KRISTINA BOGARDUS,11941,McKinley,Judge of the Court of Appeals Position 1
STEPHEN G FRENCH,5173,McKinley,Judge of the Court of Appeals Position 1
Total Votes,17114,McKinley,Judge of the Court of Appeals Position 1
KRISTINA BOGARDUS,1536,Mora,Judge of the Court of Appeals Position 1
STEPHEN G FRENCH,664,Mora,Judge of the Court of Appeals Position 1
Total Votes,2200,Mora,Judge of the Court of Appeals Position 1
KRISTINA BOGARDUS,6091,Otero,Judge of the Court of Appeals Position 1
STEPHEN G FRENCH,10694,Otero,Judge of the Court of Appeals Position 1
Total Votes,16785,Otero,Judge of the Court of Appeals Position 1
KRISTINA BOGARDUS,1076,Quay,Judge of the Court of Appeals Position 1
STEPHEN G FRENCH,1911,Quay,Judge of the Court of Appeals Position 1
Total Votes,2987,Quay,Judge of the Court of Appeals Position 1
KRISTINA BOGARDUS,8670,Rio Arriba,Judge of the Court of Appeals Position 1
STEPHEN G FRENCH,3576,Rio Arriba,Judge of the Court of Appeals Position 1
Total Votes,12246,Rio Arriba,Judge of the Court of Appeals Position 1
KRISTINA BOGARDUS,1377,Roosevelt,Judge of the Court of Appeals Position 1
STEPHEN G FRENCH,3179,Roosevelt,Judge of the Court of Appeals Position 1
Total Votes,4556,Roosevelt,Judge of the Court of Appeals Position 1
KRISTINA BOGARDUS,12679,San Juan,Judge of the Court of Appeals Position 1
STEPHEN G FRENCH,23762,San Juan,Judge of the Court of Appeals Position 1
Total Votes,36441,San Juan,Judge of the Court of Appeals Position 1
KRISTINA BOGARDUS,6606,San Miguel,Judge of the Court of Appeals Position 1
STEPHEN G FRENCH,2381,San Miguel,Judge of the Court of Appeals Position 1
Total Votes,8987,San Miguel,Judge of the Court of Appeals Position 1
KRISTINA BOGARDUS,27983,Sandoval,Judge of the Court of Appeals Position 1
STEPHEN G FRENCH,25733,Sandoval,Judge of the Court of Appeals Position 1
Total Votes,53716,Sandoval,Judge of the Court of Appeals Position 1
KRISTINA BOGARDUS,48290,Santa Fe,Judge of the Court of Appeals Position 1
STEPHEN G FRENCH,16869,Santa Fe,Judge of the Court of Appeals Position 1
Total Votes,65159,Santa Fe,Judge of the Court of Appeals Position 1
KRISTINA BOGARDUS,1831,Sierra,Judge of the Court of Appeals Position 1
STEPHEN G FRENCH,2780,Sierra,Judge of the Court of Appeals Position 1
Total Votes,4611,Sierra,Judge of the Court of Appeals Position 1
KRISTINA BOGARDUS,3331,Socorro,Judge of the Court of Appeals Position 1
STEPHEN G FRENCH,2674,Socorro,Judge of the Court of Appeals Position 1
Total Votes,6005,Socorro,Judge of the Court of Appeals Position 1
KRISTINA BOGARDUS,10905,Taos,Judge of the Court of Appeals Position 1
STEPHEN G FRENCH,3182,Taos,Judge of the Court of Appeals Position 1
Total Votes,14087,Taos,Judge of the Court of Appeals Position 1
KRISTINA BOGARDUS,1873,Torrance,Judge of the Court of Appeals Position 1
STEPHEN G FRENCH,3355,Torrance,Judge of the Court of Appeals Position 1
Total Votes,5228,Torrance,Judge of the Court of Appeals Position 1
KRISTINA BOGARDUS,375,Union,Judge of the Court of Appeals Position 1
STEPHEN G FRENCH,1029,Union,Judge of the Court of Appeals Position 1
Total Votes,1404,Union,Judge of the Court of Appeals Position 1
KRISTINA BOGARDUS,10285,Valencia,Judge of the Court of Appeals Position 1
STEPHEN G FRENCH,11742,Valencia,Judge of the Court of Appeals Position 1
Total Votes,22027,Valencia,Judge of the Court of Appeals Position 1
JACQUELINE R MEDINA,140219,Bernalillo,Judge of the Court of Appeals Position 2
HANK BOHNHOFF,89728,Bernalillo,Judge of the Court of Appeals Position 2
Total Votes,229947,Bernalillo,Judge of the Court of Appeals Position 2
JACQUELINE R MEDINA,524,Catron,Judge of the Court of Appeals Position 2
HANK BOHNHOFF,1254,Catron,Judge of the Court of Appeals Position 2
Total Votes,1778,Catron,Judge of the Court of Appeals Position 2
JACQUELINE R MEDINA,5526,Chaves,Judge of the Court of Appeals Position 2
HANK BOHNHOFF,10845,Chaves,Judge of the Court of Appeals Position 2
Total Votes,16371,Chaves,Judge of the Court of Appeals Position 2
JACQUELINE R MEDINA,4280,Cibola,Judge of the Court of Appeals Position 2
HANK BOHNHOFF,2546,Cibola,Judge of the Court of Appeals Position 2
Total Votes,6826,Cibola,Judge of the Court of Appeals Position 2
JACQUELINE R MEDINA,2318,Colfax,Judge of the Court of Appeals Position 2
HANK BOHNHOFF,2239,Colfax,Judge of the Court of Appeals Position 2
Total Votes,4557,Colfax,Judge of the Court of Appeals Position 2
JACQUELINE R MEDINA,3088,Curry,Judge of the Court of Appeals Position 2
HANK BOHNHOFF,6908,Curry,Judge of the Court of Appeals Position 2
Total Votes,9996,Curry,Judge of the Court of Appeals Position 2
JACQUELINE R MEDINA,262,De Baca,Judge of the Court of Appeals Position 2
HANK BOHNHOFF,490,De Baca,Judge of the Court of Appeals Position 2
Total Votes,752,De Baca,Judge of the Court of Appeals Position 2
JACQUELINE R MEDINA,36218,Dona Ana,Judge of the Court of Appeals Position 2
HANK BOHNHOFF,22471,Dona Ana,Judge of the Court of Appeals Position 2
Total Votes,58689,Dona Ana,Judge of the Court of Appeals Position 2
JACQUELINE R MEDINA,5003,Eddy,Judge of the Court of Appeals Position 2
HANK BOHNHOFF,10451,Eddy,Judge of the Court of Appeals Position 2
Total Votes,15454,Eddy,Judge of the Court of Appeals Position 2
JACQUELINE R MEDINA,6931,Grant,Judge of the Court of Appeals Position 2
HANK BOHNHOFF,4545,Grant,Judge of the Court of Appeals Position 2
Total Votes,11476,Grant,Judge of the Court of Appeals Position 2
JACQUELINE R MEDINA,1168,Guadalupe,Judge of the Court of Appeals Position 2
HANK BOHNHOFF,421,Guadalupe,Judge of the Court of Appeals Position 2
Total Votes,1589,Guadalupe,Judge of the Court of Appeals Position 2
JACQUELINE R MEDINA,187,Harding,Judge of the Court of Appeals Position 2
HANK BOHNHOFF,250,Harding,Judge of the Court of Appeals Position 2
Total Votes,437,Harding,Judge of the Court of Appeals Position 2
JACQUELINE R MEDINA,789,Hidalgo,Judge of the Court of Appeals Position 2
HANK BOHNHOFF,733,Hidalgo,Judge of the Court of Appeals Position 2
Total Votes,1522,Hidalgo,Judge of the Court of Appeals Position 2
JACQUELINE R MEDINA,3688,Lea,Judge of the Court of Appeals Position 2
HANK BOHNHOFF,9909,Lea,Judge of the Court of Appeals Position 2
Total Votes,13597,Lea,Judge of the Court of Appeals Position 2
JACQUELINE R MEDINA,2580,Lincoln,Judge of the Court of Appeals Position 2
HANK BOHNHOFF,5109,Lincoln,Judge of the Court of Appeals Position 2
Total Votes,7689,Lincoln,Judge of the Court of Appeals Position 2
JACQUELINE R MEDINA,5521,Los Alamos,Judge of the Court of Appeals Position 2
HANK BOHNHOFF,4125,Los Alamos,Judge of the Court of Appeals Position 2
Total Votes,9646,Los Alamos,Judge of the Court of Appeals Position 2
JACQUELINE R MEDINA,3040,Luna,Judge of the Court of Appeals Position 2
HANK BOHNHOFF,2947,Luna,Judge of the Court of Appeals Position 2
Total Votes,5987,Luna,Judge of the Court of Appeals Position 2
JACQUELINE R MEDINA,12604,McKinley,Judge of the Court of Appeals Position 2
HANK BOHNHOFF,4459,McKinley,Judge of the Court of Appeals Position 2
Total Votes,17063,McKinley,Judge of the Court of Appeals Position 2
JACQUELINE R MEDINA,1718,Mora,Judge of the Court of Appeals Position 2
HANK BOHNHOFF,495,Mora,Judge of the Court of Appeals Position 2
Total Votes,2213,Mora,Judge of the Court of Appeals Position 2
JACQUELINE R MEDINA,6381,Otero,Judge of the Court of Appeals Position 2
HANK BOHNHOFF,10352,Otero,Judge of the Court of Appeals Position 2
Total Votes,16733,Otero,Judge of the Court of Appeals Position 2
JACQUELINE R MEDINA,1151,Quay,Judge of the Court of Appeals Position 2
HANK BOHNHOFF,1840,Quay,Judge of the Court of Appeals Position 2
Total Votes,2991,Quay,Judge of the Court of Appeals Position 2
JACQUELINE R MEDINA,9638,Rio Arriba,Judge of the Court of Appeals Position 2
HANK BOHNHOFF,2611,Rio Arriba,Judge of the Court of Appeals Position 2
Total Votes,12249,Rio Arriba,Judge of the Court of Appeals Position 2
JACQUELINE R MEDINA,1419,Roosevelt,Judge of the Court of Appeals Position 2
HANK BOHNHOFF,3125,Roosevelt,Judge of the Court of Appeals Position 2
Total Votes,4544,Roosevelt,Judge of the Court of Appeals Position 2
JACQUELINE R MEDINA,13488,San Juan,Judge of the Court of Appeals Position 2
HANK BOHNHOFF,22866,San Juan,Judge of the Court of Appeals Position 2
Total Votes,36354,San Juan,Judge of the Court of Appeals Position 2
JACQUELINE R MEDINA,7198,San Miguel,Judge of the Court of Appeals Position 2
HANK BOHNHOFF,1836,San Miguel,Judge of the Court of Appeals Position 2
Total Votes,9034,San Miguel,Judge of the Court of Appeals Position 2
JACQUELINE R MEDINA,29383,Sandoval,Judge of the Court of Appeals Position 2
HANK BOHNHOFF,24243,Sandoval,Judge of the Court of Appeals Position 2
Total Votes,53626,Sandoval,Judge of the Court of Appeals Position 2
JACQUELINE R MEDINA,51078,Santa Fe,Judge of the Court of Appeals Position 2
HANK BOHNHOFF,13966,Santa Fe,Judge of the Court of Appeals Position 2
Total Votes,65044,Santa Fe,Judge of the Court of Appeals Position 2
JACQUELINE R MEDINA,1912,Sierra,Judge of the Court of Appeals Position 2
HANK BOHNHOFF,2661,Sierra,Judge of the Court of Appeals Position 2
Total Votes,4573,Sierra,Judge of the Court of Appeals Position 2
JACQUELINE R MEDINA,3586,Socorro,Judge of the Court of Appeals Position 2
HANK BOHNHOFF,2399,Socorro,Judge of the Court of Appeals Position 2
Total Votes,5985,Socorro,Judge of the Court of Appeals Position 2
JACQUELINE R MEDINA,12097,Taos,Judge of the Court of Appeals Position 2
HANK BOHNHOFF,2119,Taos,Judge of the Court of Appeals Position 2
Total Votes,14216,Taos,Judge of the Court of Appeals Position 2
JACQUELINE R MEDINA,2025,Torrance,Judge of the Court of Appeals Position 2
HANK BOHNHOFF,3200,Torrance,Judge of the Court of Appeals Position 2
Total Votes,5225,Torrance,Judge of the Court of Appeals Position 2
JACQUELINE R MEDINA,410,Union,Judge of the Court of Appeals Position 2
HANK BOHNHOFF,992,Union,Judge of the Court of Appeals Position 2
Total Votes,1402,Union,Judge of the Court of Appeals Position 2
JACQUELINE R MEDINA,11018,Valencia,Judge of the Court of Appeals Position 2
HANK BOHNHOFF,10991,Valencia,Judge of the Court of Appeals Position 2
Total Votes,22009,Valencia,Judge of the Court of Appeals Position 2
BRIANA H ZAMORA,141580,Bernalillo,Judge of the Court of Appeals Position 3
EMIL J KIEHNE,87988,Bernalillo,Judge of the Court of Appeals Position 3
Total Votes,229568,Bernalillo,Judge of the Court of Appeals Position 3
BRIANA H ZAMORA,495,Catron,Judge of the Court of Appeals Position 3
EMIL J KIEHNE,1303,Catron,Judge of the Court of Appeals Position 3
Total Votes,1798,Catron,Judge of the Court of Appeals Position 3
BRIANA H ZAMORA,5518,Chaves,Judge of the Court of Appeals Position 3
EMIL J KIEHNE,10850,Chaves,Judge of the Court of Appeals Position 3
Total Votes,16368,Chaves,Judge of the Court of Appeals Position 3
BRIANA H ZAMORA,4263,Cibola,Judge of the Court of Appeals Position 3
EMIL J KIEHNE,2581,Cibola,Judge of the Court of Appeals Position 3
Total Votes,6844,Cibola,Judge of the Court of Appeals Position 3
BRIANA H ZAMORA,2293,Colfax,Judge of the Court of Appeals Position 3
EMIL J KIEHNE,2253,Colfax,Judge of the Court of Appeals Position 3
Total Votes,4546,Colfax,Judge of the Court of Appeals Position 3
BRIANA H ZAMORA,3177,Curry,Judge of the Court of Appeals Position 3
EMIL J KIEHNE,6824,Curry,Judge of the Court of Appeals Position 3
Total Votes,10001,Curry,Judge of the Court of Appeals Position 3
BRIANA H ZAMORA,258,De Baca,Judge of the Court of Appeals Position 3
EMIL J KIEHNE,499,De Baca,Judge of the Court of Appeals Position 3
Total Votes,757,De Baca,Judge of the Court of Appeals Position 3
BRIANA H ZAMORA,35798,Dona Ana,Judge of the Court of Appeals Position 3
EMIL J KIEHNE,22885,Dona Ana,Judge of the Court of Appeals Position 3
Total Votes,58683,Dona Ana,Judge of the Court of Appeals Position 3
BRIANA H ZAMORA,4909,Eddy,Judge of the Court of Appeals Position 3
EMIL J KIEHNE,10504,Eddy,Judge of the Court of Appeals Position 3
Total Votes,15413,Eddy,Judge of the Court of Appeals Position 3
BRIANA H ZAMORA,6827,Grant,Judge of the Court of Appeals Position 3
EMIL J KIEHNE,4664,Grant,Judge of the Court of Appeals Position 3
Total Votes,11491,Grant,Judge of the Court of Appeals Position 3
BRIANA H ZAMORA,1165,Guadalupe,Judge of the Court of Appeals Position 3
EMIL J KIEHNE,433,Guadalupe,Judge of the Court of Appeals Position 3
Total Votes,1598,Guadalupe,Judge of the Court of Appeals Position 3
BRIANA H ZAMORA,176,Harding,Judge of the Court of Appeals Position 3
EMIL J KIEHNE,267,Harding,Judge of the Court of Appeals Position 3
Total Votes,443,Harding,Judge of the Court of Appeals Position 3
BRIANA H ZAMORA,792,Hidalgo,Judge of the Court of Appeals Position 3
EMIL J KIEHNE,731,Hidalgo,Judge of the Court of Appeals Position 3
Total Votes,1523,Hidalgo,Judge of the Court of Appeals Position 3
BRIANA H ZAMORA,3682,Lea,Judge of the Court of Appeals Position 3
EMIL J KIEHNE,9903,Lea,Judge of the Court of Appeals Position 3
Total Votes,13585,Lea,Judge of the Court of Appeals Position 3
BRIANA H ZAMORA,2561,Lincoln,Judge of the Court of Appeals Position 3
EMIL J KIEHNE,5126,Lincoln,Judge of the Court of Appeals Position 3
Total Votes,7687,Lincoln,Judge of the Court of Appeals Position 3
BRIANA H ZAMORA,5508,Los Alamos,Judge of the Court of Appeals Position 3
EMIL J KIEHNE,4112,Los Alamos,Judge of the Court of Appeals Position 3
Total Votes,9620,Los Alamos,Judge of the Court of Appeals Position 3
BRIANA H ZAMORA,2988,Luna,Judge of the Court of Appeals Position 3
EMIL J KIEHNE,2990,Luna,Judge of the Court of Appeals Position 3
Total Votes,5978,Luna,Judge of the Court of Appeals Position 3
BRIANA H ZAMORA,12402,McKinley,Judge of the Court of Appeals Position 3
EMIL J KIEHNE,4608,McKinley,Judge of the Court of Appeals Position 3
Total Votes,17010,McKinley,Judge of the Court of Appeals Position 3
BRIANA H ZAMORA,1683,Mora,Judge of the Court of Appeals Position 3
EMIL J KIEHNE,543,Mora,Judge of the Court of Appeals Position 3
Total Votes,2226,Mora,Judge of the Court of Appeals Position 3
BRIANA H ZAMORA,6407,Otero,Judge of the Court of Appeals Position 3
EMIL J KIEHNE,10335,Otero,Judge of the Court of Appeals Position 3
Total Votes,16742,Otero,Judge of the Court of Appeals Position 3
BRIANA H ZAMORA,1169,Quay,Judge of the Court of Appeals Position 3
EMIL J KIEHNE,1817,Quay,Judge of the Court of Appeals Position 3
Total Votes,2986,Quay,Judge of the Court of Appeals Position 3
BRIANA H ZAMORA,9446,Rio Arriba,Judge of the Court of Appeals Position 3
EMIL J KIEHNE,2777,Rio Arriba,Judge of the Court of Appeals Position 3
Total Votes,12223,Rio Arriba,Judge of the Court of Appeals Position 3
BRIANA H ZAMORA,1439,Roosevelt,Judge of the Court of Appeals Position 3
EMIL J KIEHNE,3113,Roosevelt,Judge of the Court of Appeals Position 3
Total Votes,4552,Roosevelt,Judge of the Court of Appeals Position 3
BRIANA H ZAMORA,13523,San Juan,Judge of the Court of Appeals Position 3
EMIL J KIEHNE,22780,San Juan,Judge of the Court of Appeals Position 3
Total Votes,36303,San Juan,Judge of the Court of Appeals Position 3
BRIANA H ZAMORA,7047,San Miguel,Judge of the Court of Appeals Position 3
EMIL J KIEHNE,1972,San Miguel,Judge of the Court of Appeals Position 3
Total Votes,9019,San Miguel,Judge of the Court of Appeals Position 3
BRIANA H ZAMORA,29440,Sandoval,Judge of the Court of Appeals Position 3
EMIL J KIEHNE,24143,Sandoval,Judge of the Court of Appeals Position 3
Total Votes,53583,Sandoval,Judge of the Court of Appeals Position 3
BRIANA H ZAMORA,51318,Santa Fe,Judge of the Court of Appeals Position 3
EMIL J KIEHNE,13693,Santa Fe,Judge of the Court of Appeals Position 3
Total Votes,65011,Santa Fe,Judge of the Court of Appeals Position 3
BRIANA H ZAMORA,1887,Sierra,Judge of the Court of Appeals Position 3
EMIL J KIEHNE,2702,Sierra,Judge of the Court of Appeals Position 3
Total Votes,4589,Sierra,Judge of the Court of Appeals Position 3
BRIANA H ZAMORA,3533,Socorro,Judge of the Court of Appeals Position 3
EMIL J KIEHNE,2471,Socorro,Judge of the Court of Appeals Position 3
Total Votes,6004,Socorro,Judge of the Court of Appeals Position 3
BRIANA H ZAMORA,11661,Taos,Judge of the Court of Appeals Position 3
EMIL J KIEHNE,2431,Taos,Judge of the Court of Appeals Position 3
Total Votes,14092,Taos,Judge of the Court of Appeals Position 3
BRIANA H ZAMORA,2088,Torrance,Judge of the Court of Appeals Position 3
EMIL J KIEHNE,3142,Torrance,Judge of the Court of Appeals Position 3
Total Votes,5230,Torrance,Judge of the Court of Appeals Position 3
BRIANA H ZAMORA,407,Union,Judge of the Court of Appeals Position 3
EMIL J KIEHNE,1003,Union,Judge of the Court of Appeals Position 3
Total Votes,1410,Union,Judge of the Court of Appeals Position 3
BRIANA H ZAMORA,10612,Valencia,Judge of the Court of Appeals Position 3
EMIL J KIEHNE,11467,Valencia,Judge of the Court of Appeals Position 3
Total Votes,22079,Valencia,Judge of the Court of Appeals Position 3
MEGAN P DUFFY,134249,Bernalillo,Judge of the Court of Appeals Position 4
DANIEL JOSE GALLEGOS,94057,Bernalillo,Judge of the Court of Appeals Position 4
Total Votes,228306,Bernalillo,Judge of the Court of Appeals Position 4
MEGAN P DUFFY,516,Catron,Judge of the Court of Appeals Position 4
DANIEL JOSE GALLEGOS,1264,Catron,Judge of the Court of Appeals Position 4
Total Votes,1780,Catron,Judge of the Court of Appeals Position 4
MEGAN P DUFFY,5277,Chaves,Judge of the Court of Appeals Position 4
DANIEL JOSE GALLEGOS,11081,Chaves,Judge of the Court of Appeals Position 4
Total Votes,16358,Chaves,Judge of the Court of Appeals Position 4
MEGAN P DUFFY,3823,Cibola,Judge of the Court of Appeals Position 4
DANIEL JOSE GALLEGOS,3016,Cibola,Judge of the Court of Appeals Position 4
Total Votes,6839,Cibola,Judge of the Court of Appeals Position 4
MEGAN P DUFFY,2077,Colfax,Judge of the Court of Appeals Position 4
DANIEL JOSE GALLEGOS,2463,Colfax,Judge of the Court of Appeals Position 4
Total Votes,4540,Colfax,Judge of the Court of Appeals Position 4
MEGAN P DUFFY,3133,Curry,Judge of the Court of Appeals Position 4
DANIEL JOSE GALLEGOS,6827,Curry,Judge of the Court of Appeals Position 4
Total Votes,9960,Curry,Judge of the Court of Appeals Position 4
MEGAN P DUFFY,251,De Baca,Judge of the Court of Appeals Position 4
DANIEL JOSE GALLEGOS,507,De Baca,Judge of the Court of Appeals Position 4
Total Votes,758,De Baca,Judge of the Court of Appeals Position 4
MEGAN P DUFFY,34059,Dona Ana,Judge of the Court of Appeals Position 4
DANIEL JOSE GALLEGOS,24547,Dona Ana,Judge of the Court of Appeals Position 4
Total Votes,58606,Dona Ana,Judge of the Court of Appeals Position 4
MEGAN P DUFFY,4657,Eddy,Judge of the Court of Appeals Position 4
DANIEL JOSE GALLEGOS,10757,Eddy,Judge of the Court of Appeals Position 4
Total Votes,15414,Eddy,Judge of the Court of Appeals Position 4
MEGAN P DUFFY,6580,Grant,Judge of the Court of Appeals Position 4
DANIEL JOSE GALLEGOS,4859,Grant,Judge of the Court of Appeals Position 4
Total Votes,11439,Grant,Judge of the Court of Appeals Position 4
MEGAN P DUFFY,814,Guadalupe,Judge of the Court of Appeals Position 4
DANIEL JOSE GALLEGOS,777,Guadalupe,Judge of the Court of Appeals Position 4
Total Votes,1591,Guadalupe,Judge of the Court of Appeals Position 4
MEGAN P DUFFY,154,Harding,Judge of the Court of Appeals Position 4
DANIEL JOSE GALLEGOS,284,Harding,Judge of the Court of Appeals Position 4
Total Votes,438,Harding,Judge of the Court of Appeals Position 4
MEGAN P DUFFY,756,Hidalgo,Judge of the Court of Appeals Position 4
DANIEL JOSE GALLEGOS,763,Hidalgo,Judge of the Court of Appeals Position 4
Total Votes,1519,Hidalgo,Judge of the Court of Appeals Position 4
MEGAN P DUFFY,3336,Lea,Judge of the Court of Appeals Position 4
DANIEL JOSE GALLEGOS,10239,Lea,Judge of the Court of Appeals Position 4
Total Votes,13575,Lea,Judge of the Court of Appeals Position 4
MEGAN P DUFFY,2506,Lincoln,Judge of the Court of Appeals Position 4
DANIEL JOSE GALLEGOS,5168,Lincoln,Judge of the Court of Appeals Position 4
Total Votes,7674,Lincoln,Judge of the Court of Appeals Position 4
MEGAN P DUFFY,5420,Los Alamos,Judge of the Court of Appeals Position 4
DANIEL JOSE GALLEGOS,4181,Los Alamos,Judge of the Court of Appeals Position 4
Total Votes,9601,Los Alamos,Judge of the Court of Appeals Position 4
MEGAN P DUFFY,2849,Luna,Judge of the Court of Appeals Position 4
DANIEL JOSE GALLEGOS,3110,Luna,Judge of the Court of Appeals Position 4
Total Votes,5959,Luna,Judge of the Court of Appeals Position 4
MEGAN P DUFFY,11724,McKinley,Judge of the Court of Appeals Position 4
DANIEL JOSE GALLEGOS,5279,McKinley,Judge of the Court of Appeals Position 4
Total Votes,17003,McKinley,Judge of the Court of Appeals Position 4
MEGAN P DUFFY,1356,Mora,Judge of the Court of Appeals Position 4
DANIEL JOSE GALLEGOS,857,Mora,Judge of the Court of Appeals Position 4
Total Votes,2213,Mora,Judge of the Court of Appeals Position 4
MEGAN P DUFFY,6093,Otero,Judge of the Court of Appeals Position 4
DANIEL JOSE GALLEGOS,10634,Otero,Judge of the Court of Appeals Position 4
Total Votes,16727,Otero,Judge of the Court of Appeals Position 4
MEGAN P DUFFY,1041,Quay,Judge of the Court of Appeals Position 4
DANIEL JOSE GALLEGOS,1930,Quay,Judge of the Court of Appeals Position 4
Total Votes,2971,Quay,Judge of the Court of Appeals Position 4
MEGAN P DUFFY,8055,Rio Arriba,Judge of the Court of Appeals Position 4
DANIEL JOSE GALLEGOS,4139,Rio Arriba,Judge of the Court of Appeals Position 4
Total Votes,12194,Rio Arriba,Judge of the Court of Appeals Position 4
MEGAN P DUFFY,1440,Roosevelt,Judge of the Court of Appeals Position 4
DANIEL JOSE GALLEGOS,3089,Roosevelt,Judge of the Court of Appeals Position 4
Total Votes,4529,Roosevelt,Judge of the Court of Appeals Position 4
MEGAN P DUFFY,12981,San Juan,Judge of the Court of Appeals Position 4
DANIEL JOSE GALLEGOS,23294,San Juan,Judge of the Court of Appeals Position 4
Total Votes,36275,San Juan,Judge of the Court of Appeals Position 4
MEGAN P DUFFY,6136,San Miguel,Judge of the Court of Appeals Position 4
DANIEL JOSE GALLEGOS,2862,San Miguel,Judge of the Court of Appeals Position 4
Total Votes,8998,San Miguel,Judge of the Court of Appeals Position 4
MEGAN P DUFFY,27942,Sandoval,Judge of the Court of Appeals Position 4
DANIEL JOSE GALLEGOS,25541,Sandoval,Judge of the Court of Appeals Position 4
Total Votes,53483,Sandoval,Judge of the Court of Appeals Position 4
MEGAN P DUFFY,48053,Santa Fe,Judge of the Court of Appeals Position 4
DANIEL JOSE GALLEGOS,16792,Santa Fe,Judge of the Court of Appeals Position 4
Total Votes,64845,Santa Fe,Judge of the Court of Appeals Position 4
MEGAN P DUFFY,1876,Sierra,Judge of the Court of Appeals Position 4
DANIEL JOSE GALLEGOS,2700,Sierra,Judge of the Court of Appeals Position 4
Total Votes,4576,Sierra,Judge of the Court of Appeals Position 4
MEGAN P DUFFY,3191,Socorro,Judge of the Court of Appeals Position 4
DANIEL JOSE GALLEGOS,2792,Socorro,Judge of the Court of Appeals Position 4
Total Votes,5983,Socorro,Judge of the Court of Appeals Position 4
MEGAN P DUFFY,10193,Taos,Judge of the Court of Appeals Position 4
DANIEL JOSE GALLEGOS,3901,Taos,Judge of the Court of Appeals Position 4
Total Votes,14094,Taos,Judge of the Court of Appeals Position 4
MEGAN P DUFFY,1915,Torrance,Judge of the Court of Appeals Position 4
DANIEL JOSE GALLEGOS,3294,Torrance,Judge of the Court of Appeals Position 4
Total Votes,5209,Torrance,Judge of the Court of Appeals Position 4
MEGAN P DUFFY,369,Union,Judge of the Court of Appeals Position 4
DANIEL JOSE GALLEGOS,1032,Union,Judge of the Court of Appeals Position 4
Total Votes,1401,Union,Judge of the Court of Appeals Position 4
MEGAN P DUFFY,10065,Valencia,Judge of the Court of Appeals Position 4
DANIEL JOSE GALLEGOS,11897,Valencia,Judge of the Court of Appeals Position 4
Total Votes,21962,Valencia,Judge of the Court of Appeals Position 4
JENNIFER L ATTREP,162917,Bernalillo,Judge of the Court of Appeals Position 5
Total Votes,162917,Bernalillo,Judge of the Court of Appeals Position 5
JENNIFER L ATTREP,888,Catron,Judge of the Court of Appeals Position 5
Total Votes,888,Catron,Judge of the Court of Appeals Position 5
JENNIFER L ATTREP,9395,Chaves,Judge of the Court of Appeals Position 5
Total Votes,9395,Chaves,Judge of the Court of Appeals Position 5
JENNIFER L ATTREP,4895,Cibola,Judge of the Court of Appeals Position 5
Total Votes,4895,Cibola,Judge of the Court of Appeals Position 5
JENNIFER L ATTREP,3018,Colfax,Judge of the Court of Appeals Position 5
Total Votes,3018,Colfax,Judge of the Court of Appeals Position 5
JENNIFER L ATTREP,5195,Curry,Judge of the Court of Appeals Position 5
Total Votes,5195,Curry,Judge of the Court of Appeals Position 5
JENNIFER L ATTREP,425,De Baca,Judge of the Court of Appeals Position 5
Total Votes,425,De Baca,Judge of the Court of Appeals Position 5
JENNIFER L ATTREP,42352,Dona Ana,Judge of the Court of Appeals Position 5
Total Votes,42352,Dona Ana,Judge of the Court of Appeals Position 5
JENNIFER L ATTREP,8528,Eddy,Judge of the Court of Appeals Position 5
Total Votes,8528,Eddy,Judge of the Court of Appeals Position 5
JENNIFER L ATTREP,8139,Grant,Judge of the Court of Appeals Position 5
Total Votes,8139,Grant,Judge of the Court of Appeals Position 5
JENNIFER L ATTREP,1169,Guadalupe,Judge of the Court of Appeals Position 5
Total Votes,1169,Guadalupe,Judge of the Court of Appeals Position 5
JENNIFER L ATTREP,276,Harding,Judge of the Court of Appeals Position 5
Total Votes,276,Harding,Judge of the Court of Appeals Position 5
JENNIFER L ATTREP,1025,Hidalgo,Judge of the Court of Appeals Position 5
Total Votes,1025,Hidalgo,Judge of the Court of Appeals Position 5
JENNIFER L ATTREP,7081,Lea,Judge of the Court of Appeals Position 5
Total Votes,7081,Lea,Judge of the Court of Appeals Position 5
JENNIFER L ATTREP,4146,Lincoln,Judge of the Court of Appeals Position 5
Total Votes,4146,Lincoln,Judge of the Court of Appeals Position 5
JENNIFER L ATTREP,6911,Los Alamos,Judge of the Court of Appeals Position 5
Total Votes,6911,Los Alamos,Judge of the Court of Appeals Position 5
JENNIFER L ATTREP,4184,Luna,Judge of the Court of Appeals Position 5
Total Votes,4184,Luna,Judge of the Court of Appeals Position 5
JENNIFER L ATTREP,13038,McKinley,Judge of the Court of Appeals Position 5
Total Votes,13038,McKinley,Judge of the Court of Appeals Position 5
JENNIFER L ATTREP,1623,Mora,Judge of the Court of Appeals Position 5
Total Votes,1623,Mora,Judge of the Court of Appeals Position 5
JENNIFER L ATTREP,9655,Otero,Judge of the Court of Appeals Position 5
Total Votes,9655,Otero,Judge of the Court of Appeals Position 5
JENNIFER L ATTREP,1675,Quay,Judge of the Court of Appeals Position 5
Total Votes,1675,Quay,Judge of the Court of Appeals Position 5
JENNIFER L ATTREP,9380,Rio Arriba,Judge of the Court of Appeals Position 5
Total Votes,9380,Rio Arriba,Judge of the Court of Appeals Position 5
JENNIFER L ATTREP,2463,Roosevelt,Judge of the Court of Appeals Position 5
Total Votes,2463,Roosevelt,Judge of the Court of Appeals Position 5
JENNIFER L ATTREP,19715,San Juan,Judge of the Court of Appeals Position 5
Total Votes,19715,San Juan,Judge of the Court of Appeals Position 5
JENNIFER L ATTREP,7280,San Miguel,Judge of the Court of Appeals Position 5
Total Votes,7280,San Miguel,Judge of the Court of Appeals Position 5
JENNIFER L ATTREP,36284,Sandoval,Judge of the Court of Appeals Position 5
Total Votes,36284,Sandoval,Judge of the Court of Appeals Position 5
JENNIFER L ATTREP,52058,Santa Fe,Judge of the Court of Appeals Position 5
Total Votes,52058,Santa Fe,Judge of the Court of Appeals Position 5
JENNIFER L ATTREP,2807,Sierra,Judge of the Court of Appeals Position 5
Total Votes,2807,Sierra,Judge of the Court of Appeals Position 5
JENNIFER L ATTREP,4291,Socorro,Judge of the Court of Appeals Position 5
Total Votes,4291,Socorro,Judge of the Court of Appeals Position 5
JENNIFER L ATTREP,11629,Taos,Judge of the Court of Appeals Position 5
Total Votes,11629,Taos,Judge of the Court of Appeals Position 5
JENNIFER L ATTREP,3033,Torrance,Judge of the Court of Appeals Position 5
Total Votes,3033,Torrance,Judge of the Court of Appeals Position 5
JENNIFER L ATTREP,786,Union,Judge of the Court of Appeals Position 5
Total Votes,786,Union,Judge of the Court of Appeals Position 5
JENNIFER L ATTREP,14690,Valencia,Judge of the Court of Appeals Position 5
Total Votes,14690,Valencia,Judge of the Court of Appeals Position 5
,,,
,,,
,,,
,,,
,,,
,,,
,,,
,,,
,,,
,,,
,,,
,,,
,,,
,,,
,,,
,,,
,,,
,,,
,,,
,,,
,,,
,,,
,,,
,,,
,,,
,,,
,,,
,,,
,,,
,,,
,,,
,,,
,,,
,,,
,,,
,,,
,,,
,,,
,,,
,,,
,,,
,,,
,,,
,,,
,,,
,,,
,,,
,,,
,,,
,,,
,,,
,,,
,,,
,,,
,,,
,,,
,,,
,,,
,,,
,,,
,,,
,,,
,,,
,,,
,,,
,,,
,,,
,,,
,,,
,,,
,,,
,,,
,,,
,,,
,,,
,,,
,,,
,,,
,,,
,,,
,,,
,,,
,,,
,,,
,,,
,,,
,,,
,,,
,,,
,,,
,,,
,,,
,,,
,,,
,,,
,,,
,,,
,,,
,,,
,,,
,,,
,,,
,,,
,,,
,,,
,,,
,,,
,,,
,,,
,,,
,,,
,,,
,,,
,,,
,,,
,,,
,,,
,,,
,,,
,,,
,,,
,,,
,,,
,,,
,,,
,,,
,,,
,,,
,,,
,,,
,,,
,,,
,,,
,,,
,,,
,,,
,,,
,,,
,,,
,,,
,,,
,,,
,,,
,,,
,,,
,,,
,,,
,,,
,,,
,,,
,,,
,,,
,,,
,,,
,,,
,,,
,,,
,,,
,,,
,,,
,,,
,,,
,,,
,,,
,,,
,,,
,,,
,,,
,,,
,,,
,,,
,,,
,,,
,,,
,,,
,,,
,,,
,,,
,,,
,,,
,,,
,,,
,,,
,,,
,,,
,,,
,,,
,,,
,,,
,,,
,,,
,,,
,,,
,,,
,,,
,,,
,,,
,,,
,,,
,,,
,,,
,,,
,,,
,,,
,,,
,,,
,,,
,,,
,,,
,,,
,,,
,,,
,,,
,,,
,,,
,,,
,,,
,,,
,,,
,,,
,,,
,,,
,,,
,,,
,,,
,,,
,,,
,,,
,,,
,,,
,,,
,,,
,,,
,,,
,,,
,,,
,,,
,,,
,,,
,,,
,,,
,,,
,,,
,,,
,,,
,,,
,,,
,,,
,,,
,,,
,,,
,,,
,,,
,,,
,,,
,,,
,,,
,,,
,,,
,,,
,,,
,,,
,,,
,,,
,,,
,,,
,,,
,,,
,,,
,,,
,,,
,,,
,,,
,,,
,,,
,,,
,,,
,,,
,,,
,,,
,,,
,,,
,,,
,,,
,,,
,,,
,,,
,,,
,,,
,,,
,,,
,,,
,,,
,,,
,,,
,,,
,,,
,,,
,,,
,,,
,,,
,,,
,,,
,,,
,,,
,,,
,,,
,,,
,,,
,,,
,,,
,,,
,,,
,,,
,,,
,,,
,,,
,,,
,,,
,,,
,,,
,,,
,,,
,,,
,,,
,,,
,,,
,,,
,,,
,,,
,,,
,,,
,,,
,,,
,,,
,,,
,,,
,,,
,,,
,,,
,,,
,,,
,,,
,,,
,,,
,,,
,,,
,,,
,,,
,,,
,,,
,,,
,,,
,,,
,,,
,,,
,,,
,,,
,,,
,,,
,,,
,,,
,,,
,,,
,,,
,,,
,,,
,,,
,,,
,,,
,,,
,,,
,,,
,,,
,,,
,,,
,,,
,,,
,,,
,,,
,,,
,,,
,,,
,,,
,,,
,,,
,,,
,,,
,,,
,,,
,,,
,,,
,,,
,,,
,,,
,,,
,,,
,,,
,,,
,,,
,,,
,,,
,,,
,,,
,,,
,,,
,,,
,,,
,,,
,,,
,,,
,,,
,,,
,,,
,,,
,,,
,,,
,,,
,,,
,,,
,,,
,,,
,,,
,,,
,,,
,,,
,,,
,,,
,,,
,,,
,,,
,,,
,,,
,,,
,,,
,,,
,,,
,,,
,,,
,,,
,,,
,,,
,,,
,,,
,,,
,,,
,,,
,,,
,,,
,,,
,,,
,,,
,,,
,,,
,,,
,,,
,,,
,,,
,,,
,,,
,,,
,,,
,,,
,,,
,,,
,,,
,,,
,,,
,,,
,,,
,,,
,,,
,,,
,,,
,,,
,,,
,,,
,,,
,,,
,,,
,,,
,,,
,,,
,,,
,,,
,,,
,,,
,,,
,,,
,,,
,,,
,,,
,,,
,,,
,,,
,,,
,,,
,,,
,,,
,,,
,,,
,,,
,,,
,,,
,,,
,,,
,,,
,,,
,,,
,,,
,,,
,,,
,,,
,,,
,,,
,,,
,,,
,,,
,,,
,,,
,,,
,,,
,,,
,,,
,,,
,,,
,,,
,,,
,,,
,,,
,,,
,,,
,,,
,,,
,,,
,,,
,,,
,,,
,,,
,,,
,,,
,,,
,,,
,,,
,,,
,,,
,,,
,,,
,,,
,,,
,,,
,,,
,,,
,,,
,,,
,,,
,,,
,,,
,,,
,,,
,,,
,,,
,,,
,,,
,,,
,,,
,,,
,,,
,,,
,,,
,,,
,,,
,,,
,,,
,,,
,,,
,,,
,,,
,,,
,,,
,,,
,,,
,,,
,,,
,,,
,,,
,,,
,,,
,,,
,,,
,,,
,,,
,,,
,,,
,,,
,,,
,,,
,,,
,,,
,,,
,,,
,,,
,,,
,,,
,,,
,,,
,,,
,,,
,,,
,,,
,,,
,,,
,,,
,,,
,,,
,,,
,,,
,,,
,,,
,,,
,,,
,,,
,,,
,,,
,,,
,,,
,,,
,,,
,,,
,,,
,,,
,,,
,,,
,,,
,,,
,,,
,,,
,,,
,,,
,,,
,,,
,,,
,,,
,,,
,,,
,,,
,,,
,,,
,,,
,,,
,,,
,,,
,,,
,,,
,,,
,,,
,,,
,,,
,,,
,,,
,,,
,,,
,,,
,,,
,,,
,,,
,,,
,,,
,,,
,,,
,,,
,,,
,,,
,,,
,,,
,,,
,,,
,,,
,,,
,,,
,,,
,,,
,,,
,,,
,,,
,,,
,,,
,,,
,,,
,,,
,,,
,,,
